entidad,municipio,PC1,PC2,PC3,PC4,PC5,PC6,n_hogares,gasto_median
1,1,2.415708600957204,0.0024244255095179357,-0.21986669797752456,0.0195471504088858,-0.07918744571771508,-0.10048776439908444,1688,39568.64
1,2,0.4175353544453144,0.2219514561616461,0.7075956821735435,-0.31644945599849095,-0.28510686596226764,-0.4097616720245453,200,26000.629999999997
1,3,1.3402054275673692,-0.05875733633578903,0.39080347608330135,0.08608421481466912,-0.5695921805998196,0.3136094279963769,197,30947.95
1,5,2.894225043680781,-0.1154089522533629,0.23922974689850496,0.2955075234381167,-0.33904085741921364,-0.44835814990608003,269,39731.42
1,6,1.037562777724169,-0.5514609317797612,0.6156625027426756,-0.41486432030897225,0.47528211924972763,-0.30044940991387803,138,33939.630000000005
1,7,0.37755324287068187,0.5701532231931544,-0.6135461212300448,0.5952024845131659,0.5600307323536449,-1.612455899704218,117,28801.62
1,8,0.6400544254120779,-0.06771041353939225,-1.0481903212644774,-1.2102365945451834,0.7628780972346795,-1.8897696453700745,22,55690.54
1,9,-0.12518746779239473,-0.003164956668739158,0.18950005376355408,-0.11197320908030699,0.562206398320315,-0.9618708820379808,109,24809.63
1,10,0.7655143571461422,-0.4998893406278273,0.41349994219373964,0.1009573208266927,1.0083742445513932,-0.5471499939879709,70,30320.055
1,11,1.2520222375199825,-0.642440487147204,-0.288898245612878,0.7312485911498278,0.12829756600191128,0.24400780063816088,98,33006.435
2,1,2.7438716659001132,-0.758933696259577,-0.11291975833286344,0.3072413172853219,-0.3803947238181701,0.07399554628719396,624,37922.3
2,2,2.62515217947652,-1.4010709676805648,-0.3916771962478462,-0.2677733748649368,0.15325262511370663,0.11223916035667597,1451,37187.04
2,3,3.202723758445612,3.449527770800209e-4,-0.3225920394251339,0.5510040705765565,-0.5866220770712023,0.8784016995048114,238,45721.35
2,4,2.8032800917277187,-0.7368190876455287,-0.8156418164733408,0.3360742866455902,-0.5610430315112648,0.2611610014572315,1073,43902.64
2,5,2.7466693738998447,-0.6146209826161074,-0.2903354654246191,0.5072658081482175,-0.2747428299718788,0.2774270514950899,210,38791.775
2,6,1.5537979189077893,-1.6196676489893198,-0.18614578473451063,0.10621710451383692,-0.3965175447907967,-0.02558425809122177,447,32896.85
3,1,1.9047292214833071,-1.466471774499444,0.1356520403741173,-0.31757073384058737,-0.7149576517983247,-0.48452445483441425,313,30283.07
3,2,2.205492723025636,-1.1423590441070846,0.39297756522535965,0.4532337616269703,0.3794739573966167,-0.5519374712028523,513,29554.5
3,3,3.182415826419747,-0.820108447005874,-0.1222232758568549,-0.19522864962203554,-0.12523218207816883,-0.2094593479511364,1121,36304.33
3,8,2.7605798417804706,-0.2790034180968759,-0.6688553343157695,0.02374241970289606,-0.68070623402118,0.46368193945283603,838,48519.850000000006
3,9,1.8409674660135233,-1.9981182437598277,1.2971009951113557,-0.8155548741712864,-1.0783302280481804,-0.7082441734454041,16,33241.08500000001
4,1,0.9504261019028801,0.3304352304260841,2.2439558730798406,0.5643221053917006,0.013140307650338023,-0.7227997684853952,191,26952.36
4,2,2.3086775023249557,0.186229980964162,1.0311842251358625,0.40586736390403877,0.19445984982477155,-0.3612982555481602,683,32085.94
4,3,1.598670981032705,0.46299854545634406,0.4443304158604518,0.5588117083371407,-0.185295740480363,-0.09630176755883947,690,36814.17
4,4,-0.18578536289100814,-0.20726482023113652,1.4322998602570056,0.13123828604646426,-0.19179236469587685,-0.41705926082992173,87,22871.77
4,5,1.6753346002759701,0.0985328418390572,1.2673735249787825,0.47316475465204394,1.0592918553912298,-0.1316605045852404,66,31169.230000000003
4,6,0.6316002004301937,-0.7386972221929569,1.3200012003748933,-0.03724330804586595,0.8956804209141003,-1.080201902836522,91,25969.01
4,8,0.9237791619508791,-0.3321008046598009,1.1619071296539465,0.7064579198795696,0.201327345282247,-0.32500000117312833,69,26374.329999999998
4,9,0.8071033298783175,0.05535841957971144,0.8205971087028207,0.30655174608050756,0.08459228403824387,0.10636767931189299,134,28147.36
4,10,-0.08038916760343429,-0.4575810631496855,2.075016936618605,0.07050336887500452,1.0838218367931582,-0.4565532426088168,88,30281.36
4,11,-0.9549069174639795,-0.49199583591564455,0.6257278247846232,-0.47285803826658107,-0.2732311192934886,-0.295440183902232,110,22968.21
4,12,0.8098593186399565,-1.6946648840095648,0.48699882423883456,0.8505712114042058,0.8512052794557147,-0.6170867866477955,20,23466.765
5,1,-0.0020350096593679534,-1.1503559976424365,-0.30764133172237,0.39212283731658987,0.5363642890394766,-0.2572504564530063,20,25583.52
5,2,2.2738758184405463,-0.5956044420197474,-0.6188287441159362,0.12390816027929276,-1.06092328743012,0.1691267459169147,225,35217.62
5,3,2.008889072154634,-1.7500163144495031,-0.6776452388767239,-0.6097709232231964,-0.11681757379378901,-0.015346654430037441,41,34798.159999999996
5,4,0.7232020263855636,-0.6357936610366121,0.04897883654327562,-1.0039214050809802,-0.4419251902164546,-0.45645083283149884,38,37652.99
5,6,1.8745093555218135,-0.4662737330218855,-0.11127882987694962,0.6944474586651034,-2.933718413095686,-0.32228597275669885,35,30314.57
5,7,0.15955556032655904,-2.2864594345720546,0.8739712051506507,0.3447461579239607,0.7188538081184723,-1.0673038330337972,20,29157.105
5,8,1.401946652551281,-0.9720138036289367,-1.1519659513925071,-0.6326028962022225,-1.670356184473635,0.4119467315206758,40,26564.67
5,9,0.7164801075836642,-0.029388951902235866,-0.7192990650848674,0.023845191082943057,0.06928771128124345,-0.14869328178352798,144,26906.315000000002
5,10,2.4115358531901236,-1.0628728767777,-0.4517125359899392,-0.341228786676256,-0.49337512529911115,-0.4016265439143997,119,36084.38
5,11,2.327826479163911,-2.1912432247754094,-0.8868347300743233,-1.0653038497772926,-1.2633438652944562,-0.8639574745372265,22,20078.879999999997
5,12,1.67552757894495,-1.8815831666357858,-0.22432070544042754,0.9110302335642094,0.5855732267338672,-0.2774163142481578,19,24121.11
5,14,0.9321361608894476,-2.4699372885947475,-0.8970734773011413,-0.2178853976245303,-0.867454968147447,-0.12839708138786127,41,21515.07
5,17,0.9340009323684543,-0.15895142367587267,0.552452597875202,0.5774891091881184,-0.077532347092319015,-0.28987009981810924,212,29889.839999999997
5,18,2.0647540403093716,-0.6296825393703125,-0.8286593199024272,0.21990563725705908,-0.18042664763119912,-0.05834943745528916,257,36094.8
5,19,1.8363156765301032,-1.5381102402711504,-1.2266568387048553,-0.13544105056736042,-0.56297791264051,0.059169861333718196,20,38158.58
5,20,1.1127921931976277,-2.1902445767352554,-1.084642865586635,0.3797064304545795,-0.45163461068048694,-0.12935650546020544,63,24624.22
5,21,0.8773414418318701,-1.7254261523954624,-1.0155694522941126,-0.005241552915334624,-0.2290558398501271,0.1242810609745126,24,25144.14
5,22,2.9314233356532844,-1.232766533861465,-0.43260825336249953,-0.23486439471747586,-0.22817467440197098,-0.19770758661918394,61,45436.01
5,23,1.6896652573457365,0.299521032892082,2.569492920414518,0.6572324251259118,-2.0877327016531684,-0.7792880064962556,22,26284.915
5,24,2.189776621012156,0.22143853536219144,-0.310400934117533,-0.24788523030256115,0.6508813132944266,1.0388361921794163,69,38110.8
5,25,2.479582701780343,-1.0826543547974472,-1.326207592063738,-0.2273414511655929,-0.35785612707281034,-0.3327745930758975,196,42985.115
5,27,2.0923053323619207,-0.6563731813660513,-0.7855427853207192,0.613301779049116,-0.28445337654519265,-0.06723506898104027,204,33159.54
5,28,2.249086744381117,-1.2619540211957536,-1.0464146811084811,0.05473183755348561,-0.5128212541130153,-0.4336024356972184,59,33687.25
5,30,2.5679830724730497,-0.4332962926712546,-0.809038876456019,-0.27119475440018204,-0.41850111727530837,-0.3303388478089832,927,39995.64
5,32,2.283938787265228,-1.5685164243964609,-0.9346391407420842,-0.8067587725837442,-0.18721850950007368,0.3513287474569458,57,34630.32
5,33,0.5324570109351608,0.7947548144910022,0.35724274248003646,0.04380494988276884,0.557352621914609,0.6541288551149929,196,25805.355
5,35,1.9675804821755936,0.19427646385824915,-0.036745517006455536,0.3394872926706647,0.23750092818238422,0.33057754601730477,888,36951.09
5,36,-0.0700532223051066,0.32022694857428236,-0.16495080430628323,0.5192963771615847,-0.3171886579392412,-0.06704547034907377,69,22697.420000000002
5,38,0.6956552395199258,-1.3532288142650395,-0.7087058599394991,0.4421042227340206,-0.5735576936357465,0.14215309684160424,23,35280.31
6,1,0.9989276046408462,0.5403946117073891,1.8399277196296893,0.3247093919034328,-0.40658240343973906,-0.4259831346987568,252,31986.58
6,2,1.9050147422504973,-0.11288460580328252,0.27985392209351617,-0.017233906051740633,0.39914266636154355,0.12723306818410052,630,32884.2
6,3,0.6173197085183906,-0.3537075816072058,0.7876156417882665,0.7012695453311029,1.369021643560531,0.35407749813933564,126,27303.665
6,4,0.80949880766759,-1.1669535756999592,0.6559979303997656,0.5386660095673608,0.9597824913995688,0.0340648447407856,71,22956.13
6,5,1.290060076766326,0.44641412880381764,0.838829060233329,-0.4048153061439503,0.5033723751208625,0.5359919710636653,266,32385.165
6,6,-0.8098043249205623,-0.09989448783390081,2.5619327031668018,1.3637287068895776,-0.1503441497248169,-0.4082363529235308,65,30104.41
6,7,1.908622964116572,0.27537109276361055,0.46312299971791426,0.2917250792591155,0.28328547966306894,0.17892181197596724,923,36301.34
6,8,0.9701461114752876,-0.5151130178264445,1.680182801801752,-0.44697043134750924,0.42851248387170393,-0.7726907462179258,144,37746.270000000004
6,9,1.289999890650793,0.02823415654012057,0.47968313379658395,0.607548930344282,0.25872589997171486,0.20340660476193437,422,34717.24
6,10,2.6831909692088534,0.08124499039371358,0.7661081307011672,-0.0498339406491623,0.33656617338054823,-0.1703698527501811,448,40119.455
7,2,-1.6810774270816502,-0.07757445395178544,-0.08344484830713013,0.7965200790843626,-0.24960282858487626,1.761732941583735,22,28073.510000000002
7,3,-1.0892416759825985,-0.6369304259267943,0.4198919435867805,0.47737976170505114,-0.5583820677764207,-0.18714164300305175,42,25202.800000000003
7,5,-2.4651745968954444,-0.7655769552333427,0.1542208056563637,0.3505002444230743,-0.10349807177165582,0.8123443912447474,46,16053.8
7,15,-1.9357842250126784,-0.3069646395216453,0.14460699862633553,0.4603312032453256,0.4725686975038134,0.12221283024464687,51,23338.95
7,17,-2.2817993823139346,-0.3666072188934201,0.9151942478446202,1.1419837758657345,-0.8947382791654193,0.3394929713373209,72,19395
7,19,-0.4720267543626431,-0.07408225430685308,0.2507811677684457,-0.46035926156609597,-0.32451859636181235,0.8810618680892184,41,22982.54
7,21,-3.8949420248759554,-1.02482991035025,0.6892430567679637,0.28876196487675965,-0.7273946407321829,1.1191786023174655,22,16180.875
7,23,-2.801795126000893,-0.567811685447586,0.28904935600150927,0.7290869366815728,-2.1015168330677865,1.0523279751388503,53,11215.65
7,27,-1.0909008610118878,-0.16190283679008666,1.1319533191516982,0.6858137356960524,-0.6809781318530003,0.19893804265052226,62,19707.14
7,31,-3.3467897249847653,-0.20283814474036255,0.8471735410649236,0.9626689209704747,-1.3679527248668202,1.1924537811238167,70,10342.744999999999
7,40,0.5533597373129105,0.6122498518817047,-1.3070641288314593,0.5035950235966702,0.6989746559915082,-0.837121069905171,20,25559.214999999997
7,41,-2.22437343068,-0.5754153318131944,-0.09473880626895737,-0.5273347527367754,-0.3218769878743907,0.825399945043899,72,14717.244999999999
7,44,-3.826226927257049,0.7125894053382388,0.48185736662505635,-2.440921163886581,0.38353884193813215,1.294090701813099,23,16695.59
7,46,-1.4264101665177606,-1.4919436515907163,1.465805389904781,0.11798192783673844,-1.380562645139682,-0.4575959546575219,23,17217.21
7,51,-1.5829361540972924,-1.1987698130519486,0.29445001505683166,0.7216678998317378,-0.009261453821357929,0.7092893057515136,25,18854.35
7,52,-2.3932943661092443,-0.8715296082588153,0.646607799557382,0.5248982433826763,0.6076323525386396,0.5414092674566208,24,16777.1
7,59,-1.6141527290824071,-0.4934940321577041,0.42097773759505464,0.5288733743266194,-0.4567028383414461,0.4111484874991909,90,21834.83
7,61,-1.0243320129131677,0.05043179332245612,0.4522398596497999,0.11866228407061319,-0.7146690573396943,0.6126612199494567,46,30819.945
7,62,-2.7193379915282234,-0.5402858920454794,1.4001389086152032,-0.5991876324407368,0.8767559435380186,0.333341751753571,23,17808.99
7,64,-4.412731915002312,0.07929195379575382,0.6087850503879406,0.028611595870376094,0.087719418702777,2.2783711538994216,23,9829.29
7,65,-2.8011800265602615,-0.823964930840104,0.32944302984446067,0.44012853822046505,0.039697435895915345,0.929307158015002,96,20395.190000000002
7,67,-1.96665300923656,-0.8114901521427176,0.021608785137180675,0.4600448422814075,0.08517259240353647,0.8483903984602517,24,17733.285
7,68,-0.9921558158537784,-1.1072965350625696,0.1578030249112664,1.2440586088031522,-0.11164599885101098,-0.20180566165759048,23,16064.91
7,69,-2.260156201177481,-0.14820129253670686,1.5664750457535923,0.6051569012375103,-0.4821330413120152,0.6909251960650665,24,22269.260000000002
7,72,-2.7829538835103076,0.043254033177454146,1.3054837084171842,0.10403034070272213,0.7366168683165752,1.1375511865813983,21,11624.8
7,74,-0.17255114668863275,0.1946965723164914,0.31204581330227593,0.5593190128294577,-0.09718268679352887,0.0658727677807786,41,24750.72
7,77,-3.5966198454826492,-0.23101581567749427,0.6388675875623329,0.6139804336451694,0.19188759834087288,0.9035167726790474,42,16099.779999999999
7,78,-0.35562145383001187,0.15780525046713917,0.5400556426371437,-0.0032752971116622037,-1.351935997178889,0.5222562043114184,106,24852.239999999998
7,79,-1.5172641436007304,-0.033586669081742015,0.23155553371009574,-0.19127787303277147,-0.5819653822775368,1.213875986913179,45,18058.01
7,84,-2.151285037919353,0.5748186142253799,1.7737401122594487,1.038706616991375,-2.1652106282896773,0.5268355852861046,21,19268.079999999998
7,89,-0.03466536396641061,-0.6954043662400246,-0.5099455712910006,0.5547923428074363,0.05773548227588961,0.713910550407158,119,27896.37
7,90,-3.254678303768552,-0.8167608105473495,-0.5826282392011615,0.23251073944855727,-0.7808316597946737,1.6162782823645043,24,15099.135
7,93,-1.5188281125585053,-0.4447407240795253,0.515022854042888,0.34345252824976963,-0.004273849120652706,0.8586171405837879,48,15431.175
7,96,-2.8225925407495183,-0.0999294929791768,1.1123083338667072,0.43573235602498245,0.22539619389417742,0.9164941843581338,23,13055.45
7,97,-0.5275452580289985,-0.4044206494025556,-0.30258803187784755,0.6061187799688244,0.2729205976930559,0.8972494265790765,22,25758.67
7,99,-1.389315933183505,-0.9579891812017658,0.2061344437888965,-0.20244789266659596,0.35064513966170674,0.16328661395019875,44,19399.18
7,100,-2.9646342790825204,-0.6000716978199968,0.3329934385526635,0.07789309296402602,-1.0289500870487274,1.078739794477774,22,9518.035
7,101,0.6981662154230555,-0.1706961904153079,-0.6607548683209553,0.21054196839690043,0.14690571340012593,0.7010398493019397,235,32903.36
7,102,-2.4144303374823317,-0.1331803948087621,-0.3360962264066609,0.8701597031990704,0.1913142032478182,-0.3801494359376603,24,32369.53
7,105,-2.4213142118791025,-0.675819305639374,0.4763206499916274,0.7094032871560357,0.6195139868969782,0.3476601099641167,44,18883.53
7,107,-0.8052322461907129,-0.5951200878453793,0.4922149081288433,0.5141465228322233,-0.13576489656938961,0.45796610055845577,22,23919.1
7,108,-1.5544025827054695,-0.7700558583196796,0.2669735056382825,-0.4850472762388894,0.11461240498003128,0.35865376266533766,137,20328.32
7,109,-4.583381693661402,-0.4396818746988029,0.996146495797115,-0.188793909764775,-0.39570009084966373,1.072979346530033,21,10776.35
7,110,-1.9898069262224465,0.9157786146770253,1.2230824588171672,-0.6370361258589989,-1.7771939779948174,0.9876001171561285,25,13306.92
7,111,-2.830579601139221,0.03844640062599952,-0.4996440189888338,1.0279656785502427,-0.16081189906168467,1.2622472254873862,30,13871.925
7,114,-2.0158357394672315,-0.8581404248825246,-0.5550192236334857,1.1588295440119576,0.13124407879359917,-0.7535705534874986,23,16277.05
7,115,-2.2640157896955566,-0.47634670545578506,-0.3990952675913886,0.21371524442574696,-0.24862195503246726,-0.07064587531716074,23,30238.52
7,118,-3.750847100225223,0.574115116914287,-0.718257223276949,-0.08100585405220806,0.44437570568205986,-0.6202431430871647,20,11583.9
7,124,-1.5180863012624697,-0.4885846576713672,-0.5831908088327079,-0.7108957768929373,0.17872630773782594,0.45875496849047115,21,21024.25
8,1,0.6470182559102118,-3.381445053493205,0.5879676929746103,-1.5877856159706383,0.10807751741625204,-1.3351449828919493,21,18296.91
8,2,1.2063405219162668,-1.5281527299037583,0.5231633256544211,-0.0020029400217616055,-0.5258949931832595,-0.4162895342358463,104,28151.14
8,3,1.1145425032687357,-1.5368258492362616,-0.23758575174798086,0.7524203430456979,-0.6057118285820229,0.44872900098075036,21,21781.68
8,4,1.289185603842701,-0.7721046631364894,0.17842368417550167,0.446610872971505,0.5608639571542807,0.6094922562774114,21,38343.87
8,5,0.8813154286785138,-1.936916319343491,-1.0548560790413426,-0.164798495301891,-0.6036158580572781,0.2425916139723502,84,31606.755
8,6,0.909436236752773,-2.0336418266784095,0.7270048101313118,-1.4812358581550567,0.6600235651280701,-0.18343146803771437,18,24233.364999999998
8,7,0.5562449705877794,-1.6048158219230846,-0.2945685796104601,-0.4198882196742419,-1.8484933703685673,-0.2713897098029953,67,11871.38
8,8,-2.3159408372474544,-0.4985511672895696,-1.5616563758879074,0.11435166174475042,-1.3911475570829992,1.8622220027274914,46,7957.605
8,9,-1.229159392572432,-0.9876346071257504,0.027396065150823712,0.7950098068202405,-1.9134157133280305,0.0961667482523841,65,15231.050000000001
8,10,0.4986444592255519,-3.3487509009939633,-0.19823764522398302,0.19150085475016404,-0.1210420785963634,-0.8819518748906866,20,14408.064999999999
8,11,-0.008776290556598842,-2.465637502268064,0.6001807378046649,0.31507018641756795,0.07506279971284144,-0.3374378628635447,23,21770.27
8,12,-0.1465616416553474,-1.6105285690655156,-0.029872244491096156,-0.07887212938814014,-0.6581700450045131,0.08791201331360474,67,23988.42
8,13,1.4384355830108637,-2.276910495097772,0.1776624415157543,-0.6071468461290757,0.10834949342704808,0.014763468930130051,41,18921.34
8,17,2.0869351883699143,-1.622927442189063,-0.43325026185746834,-0.688228010032198,-0.15649541068190326,0.09821503541948354,282,30498.05
8,19,2.654897876853246,-0.659604900145891,-0.6269860278523499,-0.31875800320453906,-0.42925459485664447,0.23724093863927104,879,44397.35
8,21,2.6943604407617423,-1.4098005290334499,-0.3970731854880166,0.18437762946845307,-0.13475602622999194,-0.16340364463005133,138,33779.795
8,22,-0.3299859424897821,-2.058528466293479,-0.0977921982986677,-0.5824532412122819,-0.031065285652512653,0.47912054355073647,40,21659.32
8,26,0.56640132605609,-2.1669497945888274,-0.1249383805799506,-0.6995643985683273,-0.2773613431032741,-0.5481487693464177,44,30223.894999999997
8,27,0.20861153806604366,-1.0703489802939896,-1.5878379531853775,-0.6622902805654824,-1.51840890154108,0.7101815852937662,106,13163.76
8,29,-0.2665140938531915,-1.8555538104619287,-0.9313445631022961,0.4598179407329217,-1.5504956656181808,0.010994441606447828,69,12692.74
8,31,1.6630944392677514,-0.8475141779138398,-1.2855585128203064,-0.26464381283993643,-0.5207614370314476,0.2685135156158117,102,23841.035
8,32,2.6167424145872187,-0.26014688711037826,-1.1890389526574072,-0.1589242578180305,-0.40218904064192623,1.2296137485117637,112,44330.435
8,35,1.637891695754982,-1.5027384850454406,-0.1423698192215478,-1.742165872394029,-0.07017360129991884,0.14525898382803287,60,25367.87
8,36,1.1989565041602228,-0.24151084340920337,0.5446789561043306,0.9490392013357025,-0.23136574650076006,0.2348507553014135,22,26826.5
8,37,2.590731549449952,-0.4821700328050241,-1.191364065173077,-0.08026924522674063,-0.9015488776927152,-0.3233608931833665,1367,35640.44
8,38,1.659207575053991,-2.1160788659623355,-0.6608804548756804,-1.2004905650369533,-0.19393473428434704,-0.3654072314381154,44,22506.11
8,39,2.0947174002940168,0.1099566648923119,-1.297399388554277,-0.3360650184740309,0.5659129008169996,2.2788396264039106,21,24972.89
8,40,1.2498877400216601,-2.0667748140312003,0.6483670767814359,-0.6349772602270242,0.7730178161461578,-1.072115400561614,20,19512.059999999998
8,43,-0.3121630993097534,-0.8376549121398634,0.3407525972321078,-1.7252991553933876,-1.0621216673160536,-0.37421807945819796,46,21045.575
8,44,1.495572863925977,-1.048437031759611,-0.12696591252945114,-0.07775646475181935,-0.6680080568908054,0.007134401277438992,23,37449.56
8,45,2.024272144491815,-1.4500940192852125,-0.8206843788232023,-0.5805340950896587,-1.0552084114249698,-0.25692515191713045,130,28107.82
8,48,1.4135829761421799,-1.4506148635949063,-0.14388099584694114,-0.9472476931117676,-1.0179804299176087,-0.6625652625725392,236,28964.4
8,49,0.051415937665514,-1.5280858254991214,0.01634137063651997,0.4623979980589418,-1.2546004288162078,0.20586656366442768,23,15716.51
8,50,1.7260303710606444,-0.9266006000314018,-1.954322784713334,-0.395200523339224,-0.8818912561072029,-0.290628262129148,67,22219.03
8,51,5.703620773285234e-4,-2.2108791867086968,0.08344144727630853,-0.4781491303735191,-0.24748200478902938,-1.0068275293793947,44,18478.845
8,52,3.9250469675037265,-2.7843497240401676,-1.3199755020497665,-1.3810158295297053,-0.6126633459784642,-0.6616576025268082,20,34304.72
8,53,2.1553194709915333,-1.0540185694191362,-1.4168968347797963,-0.10335321318976101,-0.587642900453397,0.45267006341383714,22,24577.495000000003
8,55,0.12327414542120119,-0.8219200189214029,-0.2563701089536322,0.34025582238454066,-1.4244341065878952,-0.32436960309012697,43,28425.6
8,58,0.5922196650332566,-1.760539363173473,0.09540545533176503,0.44387684928854526,-2.024338104859301,-0.32922241996230533,23,36238.26
8,62,1.3822816971823149,-2.453374361460994,0.3468091992689841,-0.19034071629555258,0.07368667960897543,-0.49582888048488044,114,30539.375
8,65,-4.388872902729465,-0.9835120277859473,0.19150752323269393,1.7239411242998224,-1.5664610207853749,1.6244787813622563,21,12445.36
8,66,-0.6506486172725668,-1.3704867491909636,-1.04161038348288,0.6738355578624283,-0.6521459043515163,-0.4835600590283697,43,12872.66
9,2,2.063966970421909,1.3241368210266415,-0.83756406385796,0.1305496345724487,-0.060668370907642766,1.5082964194086192,111,63592.25
9,3,3.287763987254295,0.509703864784554,-0.7843771363370102,-0.09626809892780502,0.14755742871141597,0.9241601760008535,112,45561.115000000005
9,4,3.210209845701459,0.6449411790440656,-1.7291539674886585,0.9446822123489101,0.7274612102481925,2.0000236104301217,54,41772.305
9,5,0.7461396812250203,0.07679569455576143,-0.37696086287262776,0.8070061028877775,-0.22770884151195564,0.9509491882629673,257,40755.3
9,6,2.5329098772644745,0.20079395638830633,-0.6609349157226396,0.870797790363162,0.32606061332545516,0.9883063734203915,106,45775.850000000006
9,7,1.1785077393623493,0.9633727426282224,-0.06687452649755374,0.8495670139118261,-0.30484619162958376,1.1266400142846142,350,39888.29
9,8,1.7724872526842375,0.4353419986584393,0.6742936524966018,-0.05920890809764273,0.9640293665551973,0.45795370090146864,70,34795.915
9,9,0.8274239082592947,0.6369483089231054,0.26996513034703257,1.236637807451336,1.0624743582082044,1.4627912375801864,258,34108.43
9,10,1.6958787222938547,0.6769568965414301,-0.8847737030014513,0.11299968655891102,-0.4318803133624999,1.009654310818738,210,54394.770000000004
9,11,2.1361460880020524,1.6020559960272038,0.2732062827497362,0.2852713829703455,-1.2130515508136177,0.8380929780581748,77,46774.61
9,12,2.1743936439487994,0.6673739967228984,-0.5833413852963404,0.3130082402716703,-0.7471211113566688,1.1717880199122104,282,40544.28
9,13,1.468147316041717,0.42972156650449755,0.07436703696495506,0.9543020693812718,0.6995621686089127,0.8681837328940477,232,32604.489999999998
9,14,3.5131290796316605,1.2671603949720547,-1.2596764841073445,-0.4182027071975813,-0.6132754408731302,1.6686930952390542,138,73432.86
9,15,2.347539282068695,0.7301913696422537,-1.1579924914169037,1.05645850711413,-0.4275632766194457,1.4168772259616191,115,38791.19
9,16,3.3177533890843867,1.4865505141694837,-1.8606148523962895,0.10288664118642327,0.1087566968336563,1.7197615033432534,101,79070.89
9,17,1.866801164482641,0.03668928752206779,-1.0170952955188923,0.6565372511432166,-0.5878776222836509,0.8173656374670192,103,38085.89
10,1,0.8515986426009321,-0.3574570300703496,0.5776414932072487,-0.9433923157202698,-0.7793912984283277,-0.5718201801008127,104,27523.190000000002
10,3,0.9755666953904375,-0.8681422299687196,0.2789520594920445,0.7153849089364767,0.8050342264451457,8.166635079108909e-5,23,30152.48
10,4,0.5181210406473276,-0.22123536018946646,0.4512798696072342,0.49597171206048646,0.4250136409987586,0.20680649675468385,106,32329.565000000002
10,5,2.1284169254587297,0.5523617459917821,-0.412885847071187,-0.15666673570526912,-0.5176598559230767,-0.12537678387681106,894,32751.895
10,6,1.176278077513352,-1.3266375763219276,0.5934045907284046,1.5890107956176662,1.6785265180711573,-1.0332896507601217,20,23041.455
10,7,1.4522297300175162,0.30762677332387456,0.1380656596271459,0.5893117079686819,0.24535156133713737,-0.4367074709841527,532,32369.875
10,8,1.6091716612154774,-0.5769896659813928,0.6981695745017109,-0.19054227794886075,1.4819585554527905,-0.8738375858231701,20,33224.305
10,9,1.1648096924546039,-1.022046067679495,0.9689911181236445,-2.832548685776705,0.1946247997009195,-2.0090150234532604,23,21367.38
10,12,1.7421158460777408,0.24770425013329925,-0.7522734449877334,-0.0693001706646396,0.26123331951573986,-0.6267870368306413,212,31162.43
10,13,0.3994332969876102,-0.6758981067067398,0.5297152458251386,0.9742842398901106,0.4623106646135393,-0.20223651572823884,47,24507.02
10,14,-0.4970761201171627,0.8920168750434279,0.9163421893641521,0.0672568121468787,-1.5576366488195106,-0.4471163732021098,87,18533.45
10,15,1.4659562200770717,-1.0865516939562985,1.0213064137530186,0.09704363442724355,0.432584399373753,-0.3907875080334369,23,32970.75
10,16,-0.3274749200028795,-0.3349293465460994,-0.19688512295110247,-0.18916250491360875,0.15302593530996766,0.03499715014705554,63,28223.85
10,17,-0.18481905526870546,-1.762873639544695,0.2843064866443847,-0.11646306984588664,0.25531799656353465,-0.28132646402448697,21,19078.43
10,18,0.6540784334927771,-1.7027716002038156,-0.259875330331639,-0.8510551350840954,0.6896815963093714,-0.30466958579228065,22,20995.809999999998
10,21,0.5479938084282294,-1.0703063411576208,0.6927863040653068,-0.9585286555020807,0.7578585285309939,-0.22234609807085753,43,26219.48
10,22,0.23266767491139087,0.9602731144736004,0.31821037153499426,-0.5132738583210198,1.2733963299361877,0.3778289898664332,21,24635.579999999998
10,23,0.5674086109692427,-0.3217524766036933,-0.40779360935561026,-0.7870791061094501,-0.13960912868959224,-0.67854957725623,151,18523.19
10,26,0.4987517311164263,-0.9554623624588613,0.10171840301034418,-1.4288907274934128,-0.6622649256628897,-0.6703562015723842,63,18544.64
10,27,-1.0656019214385954,-1.5838066884594433,-0.0688135969178858,0.06540822272698205,-0.097501902339655,-0.046523128238034436,23,24186.79
10,28,-0.32471120569757433,-1.4368034613380691,-0.07632882132033589,-0.5690853167301386,0.21591318860895387,0.20958720638822476,21,31450.12
10,31,-0.41098582143444196,0.3070893361817141,-0.14774841401173755,-1.4701644076257043,0.569313687671414,0.4345419836707951,24,17945.05
10,32,1.7033669460575047,-0.6521089078018198,0.12781773627907894,-0.7191800056660358,-0.6299688909947718,-0.7069513205804595,43,29136.559999999998
10,33,0.5329778140349846,-0.6578166689352147,-1.2189396707591718,-1.0624196443721003,0.06261535851534553,0.2994046067941725,23,27931.86
10,35,0.37099811835958574,-0.25266596288036847,-1.1698332531927325,-0.19883339918481346,-0.24603215204123002,1.0475401986207404,22,23164.045
10,36,0.2136924800275252,-0.887423663577086,-0.726771880433914,0.6360803884366193,-0.994634241477619,-0.7117346771349797,22,32543.395
10,37,1.5051252848324497,-2.66182682269221,-0.4648704284680324,-0.9766792703901912,0.9512830104240991,-3.414820432108273,20,11833.955
10,38,1.7422919028215147,-1.567982208444211,0.47794785393533745,-1.1106175770865272,0.8904610406250135,-1.3715037467122477,22,31646.550000000003
10,39,1.6397672134135242,-0.47137508322913246,0.24547832102035808,-2.281934927799354,-0.8571852960354241,-0.4842858050660582,88,32927.335
11,1,-0.233577351021357,-0.3068758220342242,0.3236767495897725,-0.37542885691847466,0.19611974558992612,-0.030476507741743517,138,26276.445
11,2,-1.8447918733400857,-0.31474882918223085,-0.18462065480035475,-0.1321367925193903,0.3411544080220813,-0.21043332319878577,78,22478.910000000003
11,3,-0.8256373766463283,-0.7961830307885533,-0.5738035502082852,0.210451111198876,0.40028238448932546,-0.39337851208838204,86,26055.87
11,4,-1.1594919731697184,-0.6773133949534382,0.2723937645540189,-0.07406673232030539,0.3722109484571434,-0.022033145701313137,47,26116.51
11,5,-0.6872686966873829,0.8771747179281292,-0.09021514837613995,-0.11948282203801555,0.505804657618455,-0.502967042481134,113,30249.58
11,7,1.253384988672511,-0.2648777293765627,-0.3547636813418538,0.7135445760374877,0.10364297803842326,0.514418736881361,200,33448.965
11,8,-0.26572282402729563,-1.4155638354611062,0.513152677963385,-0.021047363415243894,0.7704309089528415,-0.4003382348182796,23,30172.6
11,10,-0.6120840485570437,-1.6697924675025397,0.32580923020757596,0.026399782477153078,-0.9260547126057508,-0.5147488577970312,23,30740.69
11,12,0.7500977260051269,0.6032952975611268,0.45377326580884736,-2.377353714378335,0.41437827391236237,0.7710127317802271,19,38057.71
11,14,0.4569929837702905,0.10107872159228823,0.07008963356200738,0.02151739967738483,-1.2348512476235403,-0.3878761599684332,198,29395.010000000002
11,15,1.4082964294005946,-0.5063120825233696,-1.123592464861211,0.7632993341577058,0.20332553079087862,0.061113747079738434,89,29695.24
11,16,-1.6134492653834847,-0.36674717292845044,1.8042540318128937,-0.828705568587536,-0.5112599454436566,-0.4372647223275805,45,27544.03
11,17,0.22235032810172234,-0.013717246481908557,0.197173854593671,0.04000411173578611,0.4017840819451568,0.08264961472663297,252,32667.515
11,19,-0.07633378927267556,-0.5584802567655001,-0.26950929303060445,0.523587933727492,-0.11276825657945472,-0.8918665121418105,44,28685.905
11,20,1.805714099778014,0.0886690138366939,-0.07032974848216811,0.47315721474349415,0.16328801708711221,0.2199229415478674,604,38806.595
11,23,-0.19858034706616504,0.12042257489077302,0.27125171582696,-0.5088590228588332,-0.1898762952197544,0.4585000151181344,110,28214.795
11,25,0.553596798448952,1.6123895077727497,1.3566233973577506,-1.547478397393561,1.2208946235660099,0.6291027880448655,45,34579.5
11,26,-1.5663555611811422,0.40456868034331656,0.6080959126924953,0.1812983132084753,0.0942390820267347,-0.10211764741617789,90,28172.33
11,27,1.417006515473798,0.5664381842092437,0.10890276296348425,0.15347081377893534,0.8117421359368566,0.4954270215712074,111,32369.77
11,28,-0.7863371005302799,-0.22073144495863725,-0.2094159840891902,0.9488502733870212,-0.40355616253508286,-0.24027038470840834,110,25189.48
11,29,-1.347967337637157,-1.2231118915721086,0.20251438489978696,0.8388333513209844,0.05510465512461399,-0.7246777707296292,22,29416.4
11,31,1.4265813368184004,1.83945312628029,1.4373161613302843,0.4293042340776505,-0.2852809624391565,0.5469137162582464,64,39223.165
11,32,0.23967786376420303,-0.8357364021882666,0.5900270301882767,0.0352465498508043,0.30661532809473707,-1.143044914256703,142,41156.61
11,33,0.2877400563539552,0.47184959743922805,0.1930185949643689,1.0824244141276151,-1.1214612877742651,-0.45754578095510745,43,33563.98
11,35,-0.300290802801767,-1.004028329790494,-0.8482669484498788,0.49334682183309975,0.12374006069731708,0.0036106754914928853,48,32209.18
11,37,-0.03353420326833628,-0.13252131806322612,-1.1497349596661666,-0.2968922385110176,0.17837626215340796,0.9845862752048478,33,30435.47
11,38,-0.5376527447082614,-0.7602414673868538,2.089675657846147,1.5136698945399119,-0.023245897560212336,-1.0136485869233178,20,27388.010000000002
11,39,-1.1638049332531994,-0.26645196749149813,0.32082452697133806,-0.7157881434525707,0.04861807156380071,0.7615794671849812,42,33027.985
11,40,0.8343372627942758,1.4462253194694012,0.17725717368398486,1.820724021918587,1.2691851995378645,0.634029932669348,42,22789.035
11,41,0.2979553599365155,0.3095580135924465,0.2764695326075197,1.0666640381572143,1.2595638916593006,0.9693625502236598,22,25264.025
11,42,0.11761245581580218,-0.3405290524289676,0.06842871090665853,0.24633998634007104,0.7925628772294737,0.5316326878786889,63,34818.14
11,44,0.4941355612387064,-1.0980647587495396,-0.09248063518557259,0.9211825070458128,0.7238829220241464,-0.6104538030749946,68,33089.115000000005
11,45,-0.07707144438089567,0.010941821306530597,1.1863202679923717,1.6330477968044255,1.8746641592651734,0.64166419109724,23,18662.82
11,46,0.8827715551564687,-0.07907296627026268,0.3326942531300124,-0.7339296778481516,-0.12665017647727828,-0.021538042416329894,63,23771.35
12,1,0.26012368625296095,0.3625117481367056,0.20844543468096224,0.7206491167321555,0.15111021501636926,0.667037940368587,464,32092.705
12,3,0.7685014343232393,1.036077076884314,1.7999863396879885,-4.584412526710585,-2.842300387025287,0.025963706907012205,24,10503.619999999999
12,7,-0.18528385480502918,0.9008488902823232,1.61017082264859,-1.4054771224398723,0.7124120106057549,0.5265061437384695,42,34222.785
12,10,-2.7491931940855885,-0.31105587716485483,-0.06550477923573389,0.2897737677745908,-0.4824872999682481,0.9699597786897295,40,13198.61
12,11,-0.757199696094302,-0.9029650066659893,0.26504594861113784,0.18651079439128782,0.5515060994845711,0.1891203416616201,40,18231.35
12,12,-2.639258540864558,0.09543213088232033,1.3085808488410533,0.7360769603357539,-0.8890794709416381,0.5647600044947559,91,18493.579999999998
12,15,0.815413058211321,-1.3263096357794475,0.44574809091558487,-1.7814579975993925,0.7849267580214662,-0.14533053409254207,22,18609.254999999997
12,17,-1.9648830141045133,-0.7706909281389127,1.6783749555021414,0.48514104009760706,0.09119681957251596,0.4671965803202731,20,17315.135000000002
12,19,-0.9341919089632484,1.007373446116435,0.4310437906426951,1.4278861400534728,-0.05230924378425124,1.6667500685469445,46,18109.440000000002
12,20,-0.9838985253623611,1.3962264570108727,1.2254835152185246,-1.6860587050971572,1.4159937863193943,0.9178911255661221,43,26989.86
12,21,-1.477609958074984,-0.06404099108589385,0.8563133996832805,1.0917679685074795,0.0995666884135325,0.46330839025298015,63,20686.26
12,22,-0.6113041526717161,-1.6036058211592799,0.5166601146632738,0.37790293195862806,0.4554664347284993,-0.08672126095198832,23,23764.32
12,23,-0.15543792256661054,0.16555787952171325,-0.2520736985599224,1.2695437156823686,0.583562990043603,1.7151727179961545,21,30125.89
12,24,-1.547626794175028,0.9048880422656274,0.5594373339875474,-3.1556262880462826,1.0750960598178392,1.5929833991454794,22,27472.739999999998
12,25,-2.4279458471653688,-0.11076911831165204,0.7719506757833563,-0.5015500512672835,0.7426095036318557,0.870728282564703,22,22441.1
12,26,-1.1704323331859379,1.516163669137227,-0.09881987604272616,-0.19136755183725776,-1.095018885467891,-0.06002906287555457,23,18635.62
12,27,-0.3325331767554256,-1.198974421819794,1.0824878392603619,-0.5117790937840289,0.30282778864689586,-0.06909661308560203,43,30491.06
12,28,0.3809854728114873,0.6942454484648466,0.8164975719371003,-0.12790511651241465,0.4133368667801173,0.41577314366816776,66,25057.96
12,29,0.7071735395991858,0.5038151757126397,-0.00409710898374116,-0.31568772756732866,-0.14936994237933954,0.9125859405058886,200,26483.89
12,32,-1.6980443670481806,-0.3568665626607689,1.0151966100555248,1.0202191648015018,-1.9238885891698863,0.12703255603597377,69,21451.07
12,35,2.022595721024613,0.8934252454598173,0.5553911623393841,0.17731327826760288,0.12809123144539214,0.30083481732967815,117,29401.75
12,36,-1.811504508674303,-0.08756768099512394,0.8914133097172416,0.09509399159769014,0.7190628769929301,0.934228174433079,44,20335.26
12,38,1.5012563016313436,0.8897809640489018,1.0130465280094685,0.7591353643498068,-0.43502688296148356,0.6039927182225785,69,37929.72
12,40,-2.9691482242021374,-1.3061732243190536,0.05542517779398071,1.2631269805127343,-0.09096481034270731,0.5516600882153749,23,18818.04
12,41,-1.9345183511550668,0.6720751280219504,-1.733930836920146,0.09906122227597822,-0.011090747140543256,-0.7256667982492806,18,20220.3
12,42,-0.2897862381581169,0.9711441222545427,0.7229399222955462,-0.7761353739644397,-0.09955778862674905,0.3318413205155196,48,29404.315000000002
12,45,-1.0137384645301424,-0.8990779936789653,-1.261081213996202,0.504298961322981,-0.7554570793282508,1.4037075094356137,19,17196.02
12,46,-0.7892721702025158,0.030280699862488436,1.1771529454024903,0.5650257554946497,-0.8915734034568037,0.396904937994016,62,27062.66
12,48,-0.6764735211782676,0.04322482579089909,0.2993956521784462,-0.09305535107903773,0.5827285567873705,-0.13834425615299328,80,30471.48
12,50,-0.1031841875960417,-1.12713604457553,-0.503355552409308,0.0426504680981636,0.18230069682785605,0.09870589006667942,21,23840.51
12,51,-1.803738882508893,-0.8915237594275087,-0.0879765626003973,1.1499528087124162,-0.06598731406974595,1.0044896574468825,44,23609.31
12,52,-3.0043984183268972,-1.9834898864703465,0.45284753116920784,1.564127590167242,-0.0020972443795472806,-0.2661693810460088,18,17098.525
12,53,-2.0578404894261926,-1.2090420879579755,1.8557681671557698,1.0475964555373278,0.18186228992215886,-0.1322922339719834,45,24032.61
12,54,-0.9935982896221109,-1.080090772782169,-0.8923101171758103,-1.2415140797790742,-0.5664537772485414,1.178303553180787,24,9161.56
12,55,-0.17368305868765732,0.5841828262174915,0.15954285345640037,0.7559974347039352,0.91253427641745,0.6317749976706268,109,23227.38
12,56,-2.0046162200064,9.526055917666865e-4,-0.07549246629537609,0.627977720770753,-0.14610140479065173,-0.13776905058900868,45,23737.62
12,57,-0.32915595234911227,-0.7508711522980674,0.05572404620126442,0.5694729754938267,0.46040701263371764,0.2766739760051274,21,32654.98
12,58,-2.8349733918986195,0.0019494889903810542,1.1633915770457186,-2.7029457985689036,0.5984888986242693,0.692719385816551,22,19223.715
12,59,0.17683856873994147,1.3583288971268648,1.983147458365319,0.8969350557277237,-2.802839942048565,-0.6054051625833907,21,27384.05
12,61,-0.4429721317659915,0.01933605376958719,-1.0585246247753681,0.37093898795956687,-0.31125597910097974,1.5712644021520341,23,26285.35
12,66,-0.4531119314544526,0.9273808554788117,0.6083884112591256,-1.299491287054624,0.044678096690557695,0.7690790033372021,64,28259.21
12,67,-1.1178316731129085,0.11059602090845205,0.6171519499560062,-1.0373928918870012,0.4146884545240366,0.9506053883708814,23,31124.85
12,68,-0.8503621293706926,-1.4352159494308248,1.077271092689229,0.5576252493811251,0.8865138238684421,0.14026132359975163,18,24957.555
12,69,-1.35333286818088,0.4395221582145145,-0.37229307085256236,-1.8152086508297525,-0.024868045225705127,1.7513758020926475,22,24115.16
12,74,-2.304709798876587,-0.9546043611330934,-0.29516171360401106,-0.8455564991522839,-0.5266753342445407,1.0970817873272105,20,16830.11
12,75,0.08758088175688332,-0.3751652575227738,-0.32234108327172384,0.16470586542840604,-0.27287876002943645,0.5995168795928502,43,24465.79
12,78,-1.4994683598503096,-0.28503149210219714,0.18486803186735798,-0.055558690302586575,0.49309957226492773,0.5152108264885333,21,16383.7
12,79,-0.025391915335341908,0.12233190147389361,-0.37024814606029227,0.8291298609514701,0.05966623310998331,1.2416492319208645,23,6862.86
13,3,0.12606609300707172,1.0179778300464775,1.3798815344887658,0.6220057152581954,1.3849892204741012,-1.1570004662263504,22,38977.15
13,6,-0.8944547724589513,-0.2769724486437456,-0.6603339812358522,-0.8889039958963141,-0.27448386528284274,0.34772545594918325,49,19604.8
13,8,1.248416415900853,-0.32021873732072786,-1.9167192966021318,0.1881477868078305,0.33271483600575613,-0.3281790248438738,21,23696.66
13,11,-1.8395066691462156,-0.2076615608032559,0.5548645396965588,0.9631553082636259,0.8179770758236914,0.42028087333218056,23,15105.34
13,13,1.9627142877898707,-1.2112401379496522,-0.5909482804266029,0.3537472581807789,0.6908324178455215,-1.0450636983758979,20,37485.44
13,14,-0.8739048927553317,-0.17527898840297912,0.4157657403459454,-2.4715070047298893,0.7294118696725538,0.6943294899530917,23,15499.78
13,16,0.525108275301127,-0.36673695812907553,0.16314939692717112,-1.1003538490505,0.41945153088682935,0.20215429195027393,28,31072.995
13,22,1.1312552698991585,0.6918459984586081,0.24999320615816603,0.03216560828722839,0.7927598613611754,0.008652936805506797,49,30304.21
13,23,0.8317190612157289,0.19139119510352628,-0.17720673567782977,-0.10592211039554549,1.1123688080723482,-0.04481548328106005,22,24912.489999999998
13,24,-0.5769210302520484,1.462208687101482,0.5476712414039493,-2.7126464293248906,-0.698981639789068,-1.4618957770992984,20,22105.455
13,25,-2.898817052767993,0.43732140546561493,-0.679794657463289,-0.7358391380142288,-0.5857008597031381,-0.24908486798716434,24,15164.44
13,27,-5.2544344944341175,-0.3052611792755286,0.6658611450375338,1.4464711108505404,-0.2955175235703242,1.300725244026041,24,6696.1900000000005
13,28,-1.3822621466203557,1.5000287065834543,0.022733327582541,-0.8187930690474753,-0.2536180654663059,0.15508951062258228,94,19725.505
13,29,-0.374090628613607,-0.6863176896355296,0.3705729809184676,-2.0887168874642104,0.6358289237190313,0.5353977545744787,46,23447.98
13,30,-0.7325437597307966,0.02491694086808631,-0.3459128944031933,0.16897252397904394,-0.04157729410524891,0.19124658402779254,47,18204.82
13,32,-2.0310154687236275,0.36822345586697675,0.7690240244667782,0.19134858702619967,1.2125984022723548,0.5436290258295805,48,22506.4
13,33,-2.9469281605807782,-0.8870797426766764,-1.2723162308811455,0.10152297255185672,-0.8011539385772811,0.186773914030741,24,11271.295
13,37,-1.076289249616847,-0.2066351315247072,-0.5921192647410729,0.5780977585490046,0.6178342349863076,0.0036653296136587893,46,23167.02
13,41,0.4612620582907655,1.0186576453969476,0.5389394305793764,-1.0573082217788068,0.9880802533939312,0.04953793798561815,82,29127.809999999998
13,42,-1.6183846005563471,-0.7473850891129171,-1.1786536830419831,0.3082812658011151,-0.6583198645434287,0.9386057414277197,24,12427.085
13,48,1.8958927756092918,0.5903739007472594,-0.5976851308812053,0.02098587441068331,-0.1888009640119731,0.06570950868690183,208,34789.350000000006
13,49,-2.264020663590556,1.4338315027985917,-2.6504119036862095,1.1538351524593757,1.118626322971463,-4.3892264889681405,23,15910.74
13,51,2.318943565108009,0.1615230229960535,-0.6005456493660258,0.33994328143179164,-0.05209904917835362,0.4640751578393939,152,31498.195
13,52,0.631650106801844,-0.33144084969020315,0.5393176255467008,-0.533305484511193,0.4303869375880731,0.4206881343779666,38,22586.464999999997
13,54,-0.49603143994442533,-0.32949625581582115,-0.8781117288895328,-0.6681589708248151,0.23068521360645639,1.0625942310205085,24,21353.365
13,56,2.6488871963083525,0.16933376606941306,-1.0303844815025032,-0.7043505037138034,0.60901145418932,-0.16567679116720196,29,30182.07
13,57,-1.0183067751443589,0.8796022462586304,-0.1805308961962498,-1.5640217793361961,1.108384210186928,-0.8517058863076605,40,26464.465
13,58,-1.9811014322805973,1.0736469792757002,-1.4213299799154027,-1.5201557103336678,0.8661770799534825,-2.0771054483285236,23,17535.32
13,59,-0.39928134593094683,1.1394907207930391,1.1140907916034433,-1.0069322457288976,0.9174629768504501,0.7853796439815088,26,21843.07
13,62,-2.6868810466460884,0.024738987225976505,-1.0272361371282213,0.25142087441623723,-0.4215105873663108,-0.3329156481848841,24,17323.625
13,63,0.012822885054200893,0.708645920592184,0.008642944986485122,-0.1391574233127546,0.01421029066847454,-0.03994802759205456,142,26169.739999999998
13,67,-1.13332602992544,-0.41994257074214925,-0.5090568460185031,0.7087357227930672,0.6125635079224016,-1.070115619247246,47,18905.4
13,68,-0.2529364837386207,-0.6469031201544015,0.8879834559728137,-2.2521544612310596,-1.5951832242498243,0.15653373859930594,23,18379.14
13,69,1.6945251954062732,0.3941119854077396,-0.413041227601049,0.3785085140966563,-0.5466099545828016,-0.2530928156667226,152,33760.44
13,72,-0.7615517747785137,-0.02540344735819121,-0.22592952801374397,-0.1963473404645075,0.8416821612220514,0.23687836368510667,24,28174.345
13,73,-3.0459960169378797,0.8189532521321763,-0.8747421532888402,0.29763212077074785,-0.1730693614541571,-0.7875909171051513,24,11012.72
13,74,0.26234652930460406,-0.7741027008252408,0.6668436558048587,0.6692817079418516,0.11431459156060833,-0.15133126631717547,23,25914.27
13,75,0.5561228216258793,-0.48921045205159563,-0.36181178148707727,0.009309929878391923,0.9388667576218848,-0.12824528822829398,45,28087.99
13,76,1.1707587089617535,1.385231634201567,-0.08069089924415362,1.0588639224137795,-0.48020597092128187,-1.262996418727997,78,30543.550000000003
13,77,1.1658411250345333,1.214953951930316,-1.3226795366472583,-0.46776099964851725,1.0073977218841417,-0.38548503287172387,121,29938.879999999997
13,78,-3.236132656582049,-1.5070740391855677,0.8480199793565995,1.2280759402440513,0.14659795561340633,0.3015835136702926,24,11156.52
13,80,-1.8998776095810084,0.46175080183461936,-0.43670821482863403,1.2437074825310308,-1.0706009898989586,-0.1814097806440447,96,14558.835
13,81,-0.5572853479009175,-0.7078792508194081,0.49394716704229696,-2.133085400418944,0.9263130079330627,-0.5713072941395777,24,29904.364999999998
13,82,1.0545730727383869,1.1981787506915724,-1.8870971816356055,0.4033911184559358,-1.1883824128097722,0.2869599812324612,10,21034.5
13,83,1.5044129422926047,-0.4622937484379703,-0.4908666382404713,0.349671348568595,0.8179207647535696,0.19840811562514363,40,28113.32
13,84,-0.41027222454866946,0.8688848145088006,-1.1461292137052275,0.12409232344490345,0.04821928973044617,-0.9938946984136043,93,29698.05
14,1,-1.9450261216556393,0.6312538615678773,1.2486266624857623,-4.195621675880019,1.5214385940430155,-0.3773295402801186,21,26614.04
14,6,0.9530542130289034,2.1111507622623704,2.66825335972345,-0.3089777505081351,-2.8840543464271926,-1.16622640011589,20,39613.384999999995
14,13,-0.7748870235950249,0.016936972585978996,0.3075242347425741,-0.8057473542414526,0.38731514221922453,-0.9087694998977928,80,26805.535
14,14,-1.827701814988557,-1.0511937720565008,1.2254592833455589,0.9931988479344853,0.4580983155543095,-0.1492993589720219,23,28112.579999999998
14,15,2.3956547030626876,-0.07567742817413736,0.27621470189130864,0.45577489116282544,1.0770335869495107,-0.18441485657251816,40,38385.16
14,18,-1.4382552001341302,0.326898909370414,0.01194705984767283,-1.4065752578429163,0.46440316602838533,0.9043919675656044,18,31421.48
14,22,0.5572247208908956,-0.31348596921906113,0.1874567733172967,0.9107660547047596,-0.07866241000295943,-0.8326889337740648,18,30906.385000000002
14,23,0.25745002091626945,-0.1989590482000849,-0.08967008215679517,0.713247505360232,0.9046300500249266,-0.21855222243960346,29,36984.7
14,24,0.36426109684151886,0.33438266461464067,0.1164856022309289,0.6388826411895175,0.46193814432510666,-0.3863967748401668,44,35071.130000000005
14,25,-0.09903871700199102,-0.4381833872224941,1.1493452765315593,0.5626012168271726,-0.6295934504152252,-1.9817677510483926,23,32201.56
14,27,-0.35630741521718295,-0.9640900927368276,0.9883268985049428,0.052239801251315374,0.4247692973266337,-0.9265818238236364,19,26955.3
14,29,-1.1653506516205496,-0.7926860374466587,0.8953892112937201,0.25073837994566306,-0.3699991995105637,-0.2543894700113483,20,30878.409999999996
14,30,-0.06761200773817094,0.6772288886687585,0.5355490141729592,0.25230822682258414,0.36504678624073367,-0.24928581383481013,43,51245.63
14,32,-0.9672972282710381,0.3163550332673851,2.3760036197494463,0.1863900726413251,-2.449334197155401,-1.3136900490903456,23,32078.3
14,34,-0.8584778204613883,-1.1017923516454307,0.35861794968091126,-1.4908467662822042,0.7419993825539768,-0.1705089666455764,18,28979.995000000003
14,35,-0.11247486632808201,0.8815353058908214,-2.6520011131431267,-1.54104474042179,0.4914529893897221,-1.3146952193531856,18,29310.71
14,36,-0.09769097098247961,-0.15413598622626648,0.2228299914748179,0.3233420309734416,1.0783890123865432,0.2662316652309478,21,27780.84
14,37,1.1927856538306862,0.03484697093122596,-1.0832082479213336,0.5452745370300435,0.6561322169014132,0.45614777880135987,21,40013.15
14,39,1.5976689108302178,0.7134415917239657,-1.1953377886174619,0.7106515766687601,-0.16056790761452247,0.29339121475741775,335,45007.06
14,41,-1.080271333853492,-0.6628365772576683,-0.2519201246605218,0.744139621977575,-0.3161337336641849,0.31889146972145244,21,18932.96
14,44,0.7857513660002873,1.687155347003226,-1.4073282566555805,1.7743731067555037,0.7768920214381295,-0.4202693536875236,6,43032.16
14,47,-0.8443751123724519,-1.623801554936702,-0.284568161960042,0.5568683051762444,-0.16552377765444062,-0.40545901161452513,21,43378.58
14,50,3.492312684240912,-0.016112674360449275,0.5466335023091511,-0.4237328280332664,0.4157754278128186,0.9324995683137384,9,217249.62
14,51,-1.1419724076544464,-0.04898459225720636,-1.8108420298045862,1.6612376121486576,0.3171843532063306,-1.1924307468131894,4,33056.545
14,53,1.795076778557943,1.142795675922292,-0.36497624214660945,0.17545889991917782,1.1839098894508575,-0.3465868587555634,24,40314.63
14,63,-0.7899844664273139,-0.18085574167893964,-0.1110263312742626,-0.11881949283899848,0.20351171096962692,-0.1704253379741114,39,35179.8
14,65,-0.10703554779500972,0.7697844447235289,1.6980577423184624,0.5575642190791118,-1.5829078944207013,-0.9787175619075247,23,32041.39
14,67,1.4547185025197147,0.34163063661141874,-0.3224934984179631,0.2899760033575638,0.3149781109194479,-0.4063559241557062,88,42626.835
14,68,-2.7099393711101336,-0.7067977166820176,1.322628088862122,-0.43800540295544454,0.843349393239549,0.6782351262099541,15,25650.8
14,70,-0.38471755132362434,0.36820797597549637,0.4606291605166285,1.5980936885456796,0.160495404701321,-0.25804388920412497,71,35377.53
14,72,-0.03892890842451838,0.007744374674674759,-0.4748207430069818,-0.1527338195926017,0.5559692692733273,-0.0668093213008237,14,30652.434999999998
14,73,0.38130086609410074,-0.8098346938463288,0.3393667466859451,0.5229755646413741,-0.9047097299940837,-1.5029307410124233,22,32498.07
14,77,-1.0029543653996458,-0.023544723006991314,1.1990001860710529,-0.7253593739385663,1.1273172089647818,0.3935394603866138,68,32460.72
14,78,-0.3745883111444166,-1.060968494876471,-0.14530227684711264,0.10648213363152786,0.6038256540958165,-0.9629924402111069,23,31585.37
14,79,-1.2754628048059107,0.7181924006570802,0.2570883931487493,0.06319238926627442,-0.036432914088436165,-0.6138169636579758,45,33521.38
14,85,-0.020935798461537647,-0.6302774439643022,-0.10021053013257643,0.17770591623038987,1.0723250241146158,-1.6228579010343407,23,44903.31
14,93,1.3472649958565674,0.4484156430357741,1.8766118905096332,-1.1959022621224136,-1.193730412013039,-1.4029571580088294,47,40969.26
14,95,-0.17670483894327066,-0.43606331669047993,0.7632714056720318,0.59725729618031,0.6925500446335681,-0.6499529585827122,43,42939.88
14,97,1.0610564353564034,0.6974079649157847,0.31833995884330923,1.096242983580982,0.5898395446377243,-0.41141548368120534,209,41382.79
14,98,1.1706316940146377,0.3622690725875599,-0.5362198554799674,0.06168699836956994,0.09187380631079345,0.10239932949553585,181,42751.13
14,100,0.5108716712513416,0.11723271427852489,1.1813818316122668,0.020199073684073032,1.2141978639888003,-1.3308783598464875,40,39941.675
14,101,1.5178359039938063,1.0070132299385068,-0.39264898776015494,0.33096367042194885,1.257922602147851,-0.22898448864515575,111,48419.42
14,106,-2.2383265406752635,0.22041163873876463,0.8589336355480439,-0.7093639801693774,0.7585809481376186,-1.3557419305203164,19,31411.07
14,110,1.1668524455887,0.39342752513862395,-1.9933120411323197,-2.17038561257794,0.13189083552336883,-0.7885536865025193,16,50067.615000000005
14,113,1.8811505371733768,1.6314848435556926,0.3151853780489167,-0.5527280613052457,0.16584727315814915,-0.05898733752728938,22,29133.09
14,118,-0.8672174790820415,-0.1743433125903718,1.6713688934930377,-2.2331130571157267,1.809703400226343,-0.5848633652207352,16,22166.32
14,120,1.8400484119840768,0.3852806851842701,-0.5463257401084036,0.453761664720462,-0.027258095795844928,0.28110867058644906,462,48668.65
14,121,1.8890512936502402,1.6732550804166721,1.6103344121187653,-1.4226313499637455,2.1374266642875916,0.7702073370528822,22,49719.52
14,124,-2.105281713486466,0.6139841559581785,0.35456301549488584,0.7195106247944832,1.4091767494127767,-0.139243724124495,22,27859.53
14,125,-0.9357349543745966,0.611161781262491,0.6307162065459981,-3.228709770551321,0.6938056927065449,-0.14411845835862183,41,31615.94
15,1,-1.2100320858504032,1.6875187830185847,-0.7368187091392061,-0.3919719093766983,1.3237507445481302,-0.16164609279536027,63,27445.45
15,2,0.2411798671018124,0.02145072106779583,-0.4180209945943354,1.7011369684840016,0.85043315393318,-1.1855447123802219,9,38541.27
15,3,-1.1496907532603398,0.6831017134050399,0.4650627564693154,0.5831665654839944,-1.0813006797353424,-0.25466788464090107,44,27776.185
15,5,-0.928269519807811,0.31239537690084884,-0.9414701829505616,-0.08057859203025891,0.2567658450975959,1.6920396849896102,118,27589.86
15,8,-2.1323411414264566,-0.7651489448360775,-0.16411369226778644,0.9555580075578687,-0.16183138471881853,0.651798431301161,45,19767.81
15,11,-1.2245157167927414,-1.3414497831446235,1.770294867118772,-0.5393415486673606,1.3520971202019039,-0.2616881450854877,9,34024.06
15,13,0.9019524512528149,-0.027119864711670216,0.1734236768944712,0.4734010883150905,0.3668856342488055,0.45805401606248536,98,48476.485
15,14,-1.5919082933329076,0.4384274491078187,0.37369751533724715,0.23821409962097934,0.940932985911285,0.5824537158942955,44,25958.675000000003
15,16,0.6522948526211886,0.15260796166700027,-0.10283052462239914,0.45771480865511843,1.4400136153178227,1.8566543911596065,18,24850.585
15,18,5.5264734117694365,2.581296678756763,-0.1089175906091111,2.9395266103320328,3.346942218616022,3.368621102553867,5,81718.44
15,20,1.5416986737875564,0.13106480157701406,0.2670682809394143,0.909215025872275,0.2810817200967205,-0.08495838358351726,98,45821.175
15,22,0.39241947110284736,1.6202523054035076,-3.654235083810522,0.9189075110403971,0.4197224473869833,0.43684484135999607,6,39446.215
15,23,-2.4437159927820833,-0.8063578698315155,-0.26929303736346905,0.999017138293663,-0.6982317397248717,1.855510405552657,6,21322.989999999998
15,24,2.0003034287204184,1.791021680301386,-0.5836622023264567,1.075912658448421,-0.1539089270200643,1.923356142277339,16,54526.619999999995
15,25,0.014016090995142394,0.3748576627188671,1.0283985627627519,1.5065538088303154,0.6927261075622444,-0.01925155673998709,66,38465.295
15,26,-1.0743310778344444,-0.05627354911866706,-0.27595828537376016,0.675051873348689,0.5530220668524837,0.4389923170685732,69,25410.16
15,29,-0.8495969102147983,0.07998587169664963,-0.26296918336805186,1.2859056801828754,0.4158802001699479,1.0493683551234358,47,36475.42
15,31,-0.16694944097928482,-0.3296685628464838,-0.005917966686052406,1.345148143078322,0.5242842901343574,0.6716202099024892,86,29824.915
15,32,-1.8965416122961003,-0.3264655427930734,0.23863421420003186,0.404499607722698,0.8218331546228878,-0.7891911857027496,43,30752.66
15,33,0.6301938771164864,0.10039532134655543,-0.017886556883530025,1.1847178904390194,0.37937117948690774,0.6652727218561276,203,36551.87
15,35,1.0293019000553914,-0.12001586722667974,-0.8081972446801939,1.0080977662482165,-0.47986064660076383,0.7915108133485624,36,39250.725
15,37,0.6931844412939133,-1.1828487059303447,-0.9621673386750307,1.0111840685471003,-0.26272573105395647,0.6818886056554568,36,43864.08
15,39,0.47944676610495585,0.1103138520230604,0.5782575056117503,0.11317063624751661,0.09139617568520073,0.7826410519033461,51,38292.83
15,40,0.42345164872431496,0.2621908905323559,-1.9182710806034988,0.09129129329983539,-0.2706669620529374,1.758519492764188,21,25508.03
15,42,-0.9569869069809525,-0.013393397118258765,0.13688700897953718,-0.6437058992795335,0.7528793823201378,0.8397658288614689,63,25652.64
15,43,0.5453525093985062,0.31571476010078126,1.81387975692277,-0.5634413138294108,-0.6323621040764875,-1.359165152670842,6,41638.93
15,47,-1.681108441358023,-0.16504499663490485,-0.4934226623606775,0.38057655747852737,0.23633226927780704,0.5167677422787661,42,19827.72
15,48,0.30615439949201073,0.08765986234310855,-0.9943662407526891,-0.4098776035771397,-0.06254652286268103,1.4955096128739682,22,28927.995
15,51,0.4529079256129056,-0.6268915268945277,-0.5144270107753132,-1.395411504091578,0.6886027059700626,-0.7725751217098521,25,43402.67
15,53,-0.329370267801442,1.0338636443439284,2.22695562871064,1.7253268604149774,-1.5382709413638858,0.3275430618533144,28,44053.770000000004
15,54,1.9774502934125224,0.46967032061171293,1.4840081928553042,0.2467047289701218,-3.4411718213930054,-0.5363537817638536,18,33643.494999999995
15,57,0.6066375631337001,0.2001663535469506,0.43004098318717043,1.125280878232856,-0.15291518161280393,0.17190932920303764,135,43087.36
15,58,0.03806330656002438,0.15595999439424144,-0.4008073524996039,0.7175987323023345,0.36732093486120554,0.8549395694598501,105,43149.02
15,59,-1.1812173327268016,-1.12492383512064,0.9759925396236793,1.8016024026338888,0.6710378590415017,0.48433923724096195,5,34846.03
15,60,1.898140917532527,2.1183309779419597,2.386407760519012,1.0378818583017766,-2.84134944416149,-0.9385362497488976,63,33211.32
15,62,1.190863799606774,0.8795248154910752,0.05480765807689923,1.6610564542243547,-1.3318247286875367,-0.21219330195432176,11,26003.46
15,63,-1.8973107521202308,0.5369036199452293,1.2532831791190668,-1.4305563476868122,1.2082922002529728,0.740408656250318,24,24306.225
15,64,-0.8006175304827166,-0.2944359890136523,-1.510059356984455,0.3798173357243313,-0.10470116753171943,0.16175430060641255,21,24397.75
15,67,-2.6551693117124717,-1.2245030598421685,-0.23926360548085482,1.9150097159096011,-0.09209186413597398,0.4806918024903601,7,47128.92
15,70,-0.4646782157024877,0.269042015284799,0.30175316288754633,0.5860347108324792,0.9636949798794718,1.0453785475310116,53,37604.02
15,74,-1.1832205106357923,0.7457047890188168,-0.8286585952713017,0.24539955010419165,0.8433719480131437,-1.449913806771095,79,26842.35
15,75,0.24120793896538872,2.4742375901268936,-0.1590378824212697,2.0052237930409986,2.7200603645655392,-2.3967054161274968,6,33996.24
15,76,0.233613054074351,0.0038600536690782256,-1.4367841785987827,0.05134236400600265,0.6990685870130582,-1.8470077714804642,16,36447.71
15,79,-1.8679890913597779,1.1019662914633026,-0.5886172923675679,0.423947611788301,0.913249603768274,0.20633465747850394,22,23850.195
15,81,1.239214797886781,0.4122959085900112,-0.017967030943796453,0.3766660761992719,-0.3477428767655074,0.6536830304754493,97,39211.98
15,82,-2.4754264225486926,0.11218404846762042,0.1748734927750757,-1.613413101931206,0.46136738811414213,0.7418431903755089,42,25264.775
15,85,-0.22272086630810325,0.7922677298712404,0.8840610568028152,-0.5517429686358764,-0.686148784034133,0.04788232076736394,41,25248.79
15,86,-1.7847461611133733,-0.6364586331035009,0.7524856750548865,0.7607816655113535,0.5459646073053348,0.2593114536931869,91,27962.49
15,87,-0.67315615361829,-0.033350527304080946,1.146403588066233,0.7278480684240745,1.4922682328404218,0.05805519230566151,39,26931.78
15,88,-0.871623144598064,1.1971938238833804,-0.8528578643221707,0.966504430132654,-0.0553255473046978,0.8510354919665516,42,27542.32
15,92,1.1778966117421212,2.980544773948908,4.121344038168536,0.9240621372137403,-4.185050978778431,-0.7994902849514507,27,30452.18
15,93,-0.606279312920361,0.41991564431080214,-0.01622215096466345,1.1351957343578758,0.5195586562598746,-0.06180141175293917,28,27394.33
15,95,-0.29324487499069873,0.20465361792739695,-0.5021919792967011,1.2066775724070604,-0.026978344110032026,1.6908957783974903,15,27470.16
15,97,-0.7773450369113177,0.8489824150927504,1.2426347059788636,0.6055479161229509,0.3341950165827235,-1.1043366359901303,21,25454.56
15,99,-0.3150706792474289,-0.3444371151215987,0.30097827659240267,0.9613614303004241,-0.6672696189283266,0.4988878778717982,57,33042.38
15,101,3.693354137197727,-0.7965071236209867,2.578161682576545,0.02737409748155706,-3.2170789736517147,-1.7322400516448286,6,115378.08
15,102,-0.3922036597136835,-1.6917772089528702,0.8082665344288571,-0.4711320706074925,0.5972494733194589,-0.1842667776260712,46,28213.265
15,104,0.4530479084231044,-0.0514115528703723,0.496830410327188,1.63844819326868,0.5210510503311401,0.35400084346198313,107,35737.69
15,106,0.6709689067183915,-0.06898060662067693,-0.13861974402974103,0.40540844034642726,-1.1984724278049186,0.1874840487044505,90,36014.09
15,107,-1.1331720482678431,0.29310139314658223,-0.2511644535268508,0.9405159513036525,0.2043262719178972,-2.0631146780285277,22,39240.634999999995
15,108,2.744819533337499,2.9705094882664937,1.9349725298935332,2.1025453514408428,-3.458151303839385,1.1191928459244278,11,46946.69
15,109,0.629635542054431,0.8603191230788061,0.9544302623376573,0.8379352753232511,0.7659960058633606,1.0839605570870476,93,41460.9
15,110,0.18064048827157836,-1.032106652251566,-0.4359685007140449,-0.790440580577441,-0.8058765714982088,0.11730032921929333,19,26802.93
15,111,-1.7686763197953745,0.26301242490237253,0.004927153705519646,0.6602780629434389,0.7485712486176905,-0.14795396287532903,68,24268.25
15,112,-1.4867405924477832,-0.16897464904410872,0.9141407852226735,0.8817463325968116,-0.2025605227021443,-0.4359721472000121,88,25939.864999999998
15,113,-0.39604161746489375,0.6958572207125222,-1.4006394822609174,-1.5998547577704598,0.32510638099369177,2.0951750552071244,23,22024.75
15,114,-1.4766806535310881,0.2516250413435764,0.17072413223883892,-0.6630202420367552,0.4046968305082579,-0.06244118542807409,117,22522.19
15,115,-0.5846019196769523,-0.3544738299452441,-4.281055145638051,0.5116435607111227,-0.5065915815276408,-2.560715349705402,5,32000.87
15,118,-1.9440015507290647,-0.7613382449690944,0.18765263068684057,0.6124820450390749,0.2876176254024378,0.06297099762964264,14,32001.465
15,119,-2.110835857721301,0.4009565162563957,-0.1774718786496099,1.375963441476121,0.6418558701126413,0.028013796543874817,66,21294.285
15,120,2.042354738699326,0.4877243271160629,-0.21490117012919002,0.13090712601997984,2.0115195319357886,0.3084728556269068,22,28316.254999999997
15,121,1.5929696506989712,0.6203095118457849,0.3198720337347042,1.3339508737390207,0.6126753703204345,1.038575187945879,112,45543.729999999996
15,122,-0.3937018387295272,0.011707060136202707,-0.47417015593792144,0.7538135231754151,0.2391758290828276,0.8550193600789504,58,33194.68
15,123,-3.229732594266279,-1.238900277029885,-0.4383841483917773,0.0083994122704929,-0.8536244508781363,1.4218037641392998,23,19407.97
15,124,-1.9428626243753466,-0.11943638927159167,-0.5559644128540135,-0.405966511078437,0.0377636918151395,0.01982209720870312,90,19343.625
16,1,-0.8043135076465752,-0.33526744356658855,0.38808912659988815,0.23830569659404632,0.6899819405908973,-0.34020380610398654,22,31935.559999999998
16,6,0.6675313692529596,0.09885591471177729,0.1266875017902951,0.45946183636721194,1.3129508349860064,0.15946977388222858,64,25473.940000000002
16,9,-0.7638336611300818,-2.2083533111558133,0.9233672338616656,-1.092291594867035,0.15295797914916265,-0.7027051026379811,23,25389.27
16,10,0.11473467048857841,-0.33119055547965537,2.448375647070525,-0.1451394718335325,-0.7523051143860235,-1.0864303051619606,21,22439.32
16,11,1.2719746363580096,1.3039866847172212,1.062651425503641,0.49163362621783857,-0.7506271469463635,-0.5170408622092845,44,41971.8
16,20,0.3440445278198949,0.4235572933636166,0.4945045109009077,-1.1999165162898844,0.038878054207381635,0.8548949373126581,44,25699.92
16,24,0.18927036517983897,1.0746168753688554,0.5017187046835915,0.369628088366054,0.06619354610560405,-0.0721103973037947,63,23570.71
16,28,-0.5781321024955064,-0.13123680732598023,-0.4623811442318845,-1.8831117819884504,0.51991656265930275,0.023331495756973415,18,27369.625
16,31,-0.05791271921453525,-0.7732481292630817,1.4259695905365697,-1.8023156440434078,1.401805215871576,-0.444565798176716,21,30777.85
16,34,0.4206703421430308,0.5711560765491809,0.6724730990011816,0.19781675496013096,0.9228415607608859,0.38752942166016646,87,30998.19
16,38,-1.0469746263249895,0.4914469315984722,1.0045430308256236,0.3241162466852232,0.9204043608809458,-0.00501073804903761,24,29010.85
16,43,-0.7708579200096641,0.9168099436641525,0.20440303256921838,-0.6143596825026237,0.7425800775902619,0.030795953481417494,27,32628.68
16,45,2.61792078837463,1.047901725474699,0.8837405668472474,-0.01625881864457862,-0.549708266571511,-0.4297372196586603,22,46876.215
16,47,-1.0663792823078428,0.05053293079808756,1.756316434129497,-0.8905716495698055,-0.060392618270991356,-0.5009178009582983,26,27879.275
16,49,-2.300543986022504,-1.028272250062091,1.7860708579973557,-0.3787280506004758,0.8804407415813225,-0.08172389495397957,21,12642.76
16,50,-0.12090578382685846,0.8870727315881017,1.50844076965961,0.4095628074367837,-0.7075630875297052,0.4175779912052677,19,33023.19
16,52,1.1826430021793974,0.9642624047087089,0.983354801411857,0.7982531157050357,-0.5883677860688041,-0.6227469784425489,83,34342.05
16,53,2.0537423146777956,1.2562205946944904,0.02956164009845985,0.43697127854374607,-0.5943626954592423,-0.4693389590841136,357,42855.32
16,55,0.469127453339062,0.7440605167095788,0.9766754911259738,0.9528139567092058,-1.7414531892521774,0.6247199769521666,22,36496.78
16,56,-0.23638791824244265,0.6211009986241447,0.8619573476839237,0.8459056131499371,0.9877657460359295,0.8341230732014254,49,26000.1
16,58,-1.0591300363842344,0.5176698298613656,2.0912069334152132,-0.7072662436434967,1.5722094398386055,0.38883404853984743,23,32674.17
16,61,-1.2218081367481641,1.0243185717401668,-0.42320386633405155,1.2696329660489725,0.24149039510895903,-1.8426659286564397,43,33626.29
16,66,0.0929934233248593,0.9405954700919461,-0.14380589543791,-0.6361006976339637,1.0082597891015457,0.017331850931854468,46,24606.245000000003
16,68,0.49964735911227337,0.5857978301761424,1.0495739218131022,-2.2990603257235636,1.3225685147724064,0.34913888878202276,22,44716.770000000004
16,69,1.1879949638785636,1.1413681024080078,-0.5529092359685602,-0.8422564744257599,-1.103373566762687,-0.37251879006477673,59,41093.26
16,71,-0.518319256628625,-1.266361231536595,-0.4255736800163124,0.7585799436717012,-0.22120408874161457,0.8061853089446445,22,30533.51
16,75,0.20525167731398258,-0.030647292597404507,0.5072522379253953,0.6223139967007827,0.4712126256717577,-0.32548822371927555,47,36524.98
16,76,1.4324025664156976,1.1940430831274922,0.13938657324404602,-0.8026816626948824,0.7163448477404888,0.22236900101519902,45,41548.57
16,79,0.3960084218600249,2.364525388954518,1.3783825213381795,1.8306379694642725,-1.3223122614681397,1.349150014567677,21,22902.510000000002
16,81,-0.766334632611632,-0.6485064253720247,0.14460651388106424,-0.8298028255007331,0.4273705142607601,0.8120397103393897,22,23180.83
16,82,1.0603469083688906,1.5350999327280934,0.7529100344848361,-0.5899493833229567,0.2231328278457667,-0.7207891378353926,69,34655.59
16,84,-0.2801303839335686,-0.04319988582588933,0.30236115133438674,-0.5711647519326291,1.2183388425385462,0.5547693227171244,25,25982.12
16,85,1.5217085840916962,0.48636606268270643,0.34784490522480693,-1.001165538298629,-0.03727584356231328,0.3968661762696241,20,40148.854999999996
16,87,0.16112007793608774,1.0114271382457685,1.404268426404225,-1.357660241978129,-1.4717840483332054,-0.30676737005482796,20,30048.364999999998
16,88,1.0971779970576194,1.2395878595067786,0.8854201861586444,0.9260035551925019,1.17317454917776,-0.49962392286007973,62,39373.135
16,90,-1.321343059445389,0.8108350938251104,-0.3845734518623758,0.37247426100880254,-0.23969208938850292,0.35837789841777035,24,29352.75
16,93,-1.3314159853265404,-0.06613851488781636,-0.599300113221529,-0.9275316278104289,0.6813405737553335,-0.7008396595282862,20,27244.85
16,95,0.24209842175970087,1.6681455541387336,1.1995566364676247,0.16695915715231385,0.22807533500743193,0.39913876792020064,19,37205.22
16,97,0.050748266849573453,1.0505971793709246,0.15427352991138998,-0.21487965767136424,1.2381440732050313,0.2143027049061664,43,26869.52
16,102,1.350271806032243,0.8563195104019143,-0.5345391747488596,0.041562195889638553,0.3637692420633422,-0.12981656474795847,131,45089.45
16,106,0.6836088347952669,0.541002626453334,-0.2679768537671954,1.4670165280507137,1.335166646533422,0.8956440719469267,18,28186.225
16,107,0.4723990553147404,1.2865367701154864,0.26063921770355647,-1.3546260738413451,-0.576890234545175,0.0526512952574824,62,30372.550000000003
16,108,1.1098459079706877,0.7556168803295302,-0.5233917021279989,-0.12674494301375877,1.2279709732437365,-0.6500220154793811,82,36740.755000000005
16,109,-0.5155888994181176,0.3054277190446702,0.7378654144718904,0.3402033807032733,1.427919208117575,1.4134468628162165e-4,25,24396.88
16,110,0.46175292035150484,-0.10115155568333806,-0.2085145034887662,0.9634698192210035,1.4434767181393091,-2.171468662363769,21,29702.010000000002
16,112,0.3059264113618879,0.5867527039213133,-0.648052526426839,-0.8289065968930429,0.5014699738129688,0.20954441378621222,81,30926.77
17,1,0.3772556604048753,-0.2696371614901649,0.509720566606313,0.13759767584056878,-0.17976960884544732,0.5189527690194349,87,22155.05
17,2,1.8820880702410174,0.22511622754924746,-3.497537280397662,-2.0990448220463525,-1.19182838427645,2.1395601510338302,15,40867.66
17,3,-0.7512625155142275,0.41120447600553406,0.6781297067678858,0.15026579000615073,-0.20281858023503438,0.15913193395394554,114,26850.445
17,4,-0.04780348638617228,-0.011223677480414182,-0.32349175052217183,0.30486345106646484,0.2108212073245644,0.7057160781464816,194,30315.75
17,6,0.7301175634288538,0.23892955923817827,-0.7545499997317271,0.11837487323855164,0.09936819736038545,0.11903372678230752,200,30061.23
17,7,1.4986819453124558,0.41523718200450505,0.1575162936956675,0.31463440452718594,0.19692522045711092,0.49032521503814774,387,35467.02
17,8,0.9920217979278122,0.7335694201029748,-0.5308724570812213,0.6498403820412268,-0.15085636055263252,-0.35762875530368937,96,35628.79
17,9,0.43064020897304955,-0.6124021475911251,-0.16111833010646198,0.28371207617046446,0.05098831183275146,0.7801564157620409,59,40823.29
17,11,1.6884006954116306,0.5458798804332452,0.0651802051923685,0.3268607595699302,-0.5123056033733373,0.0750602313520126,217,32006.55
17,12,-1.0710643833816627,-0.14809684474368615,0.21634859269314852,1.2567526886844647,-0.310429126166605,0.6525752404986719,132,26545.575
17,13,-0.2343377653540421,-0.5156245667546779,0.532939502734096,-0.044280432640542,0.9717891641145658,0.691903420907506,23,24066.88
17,14,0.540416497852392,-0.8272957946866951,-1.1042787203967022,-0.8298771770812989,-0.3408074261160496,1.4591299758653553,22,33270.805
17,16,-1.6091478751421677,-0.6177440519791925,-0.09329399856393242,0.5119832386414134,-0.25009947136158944,0.43687692217267393,67,24000.77
17,17,-0.5817943907151711,-0.9387177630757307,-0.07026790246000758,0.5886962770851477,-0.38986605240365035,0.45913970294822914,66,26099.754999999997
17,18,0.09227871600478202,0.2340523682523738,-0.537024773614865,0.8246173301418578,-0.07969727614868762,0.24148212638365527,178,28606.14
17,19,-1.774280391743564,-1.9713959115108826,0.39524220876807575,0.6753807396522056,-0.01976796249470214,0.27617282318000325,23,23071.43
17,20,0.5711961723564327,0.6799273026408519,-0.2631891823500928,-0.6051151798914196,-0.06668791677987886,0.33468290019344005,89,30264.739999999998
17,21,-0.8339528388442822,-0.2240525828869732,1.4186302384555824,1.0062576383744961,-1.0338023043147233,-0.25208394383482624,25,25335.71
17,22,-1.1766313401393018,0.3966354888656602,0.8571160281841883,1.014331323150906,-1.0744404685285898,0.2668822320802673,22,19970.46
17,23,1.0689034836966997,0.5009852143974542,-1.5614294641354882,1.3640156354709316,1.2092309167688053,0.8798531009597621,22,26566.129999999997
17,25,-0.779366805105451,0.03247399364137679,1.7658333480435444,1.4086064586605755,-2.184035228118326,-0.2613436098997384,68,22675.949999999997
17,26,0.5716599749874574,1.1965901561217878,-0.9052500704372839,-0.8028922705667465,0.23171854494822508,0.899281991289634,95,30113.03
17,28,0.11649824906439041,-0.3183322481731263,-0.902203288883705,0.5555766280423391,-0.49711637342595166,-0.2000565830062586,95,27322.11
17,29,0.4175579768819293,0.5856986292548645,0.008109053954581447,-0.5348361804706736,0.6251993265212634,-0.023694954483320242,121,29026.97
17,30,-0.5762510457981662,1.4516085316014682,1.4301243698951804,1.1017952355087361,0.11535430748417436,-0.4179053423715681,52,25486.91
17,31,-0.2090142378679537,-0.23508120367849192,-0.5561515618868017,0.4759870994543535,0.09465639623144659,0.8451432117382549,41,25346.35
17,33,-0.056993547385015386,1.0809124489535984,-0.25411706918035465,-0.43200910177387936,0.14725302715623864,1.724536538016568,23,25483.06
17,35,-0.5352544528160977,-1.4009846181475398,-0.8585583624575754,0.6792380741564039,-0.40407360988058194,1.0901653429909663,25,27166.71
18,1,0.07199739003837465,-0.9753904360984361,0.37203932835614445,0.7265996237848372,0.20337159606827707,0.21453776214625514,63,25224.920000000002
18,3,0.16999429459238083,-0.4464234304948894,0.6951307422595412,0.032861991305874805,0.3563336131470074,-0.32359431622566687,42,31837.815
18,4,0.9184061806819301,0.04590580562726221,1.4737449087802232,-0.2533781085999172,0.6011194763725565,-0.1673584888780096,214,31857.545
18,7,-1.3233761986092458,-0.1332845370545926,0.2862661167909677,0.7708232480937758,0.019250649177056767,0.770243209097893,23,27391.219999999998
18,8,1.0955594110701385,-0.18661192389805958,0.5790602241240991,0.5829346526048992,1.2066255934994279,0.03635069024526718,167,30348.63
18,9,-3.235561485207519,-0.6393006894592044,0.8842364447615988,0.6955057486736469,-1.2329712730187123,0.588203599913436,60,14009.23
18,11,0.5855552107269646,0.08040853781008839,0.7231873488416743,0.7931066658641068,0.4212585452790553,0.24528162712478524,88,28369.629999999997
18,12,0.2661229608467938,-0.16562993005360271,0.8730652179163582,1.2308834596831273,0.9987909192720237,0.19714081469941347,110,27185.85
18,15,0.1032420335979295,-0.4172381451568053,0.7422089444554234,0.5175383093886805,0.4661800211050354,0.3861295907783715,269,28619.06
18,16,-0.02437742521710523,-0.5654541993648461,0.7463017139544913,0.7915535581726034,0.43863691265718296,0.30569136478724224,85,25819.45
18,17,2.362303434485533,0.586474034346198,0.7275979657599647,0.676970696870456,0.056444150120405046,-0.18450461624527897,655,39212.55
18,18,1.2490054862556823,1.1519761440691794,1.690674722883113,0.267695751789772,0.23477516618827876,0.011110060481773874,44,32039.71
18,19,0.38065866708011686,-1.8758178333689761,1.0779910260017722,-1.9561520663234147,-0.9357605055125967,-0.5904411680033534,16,18877.625
18,20,2.2230607916732614,0.5575043438697329,-0.10951940771332591,0.8922443235142549,0.05307801109449217,0.5735356089418683,287,47047.4
19,1,0.41003646457041387,-2.1007542707725837,0.39236888989386887,0.656763716918525,0.309775922905151,-0.057233586780992204,20,37890.665
19,2,1.186840484254833,-2.004910337140987,-1.0730483958392185,-0.16788929837874175,-0.26468107064288604,0.40801987726722183,19,33718.47
19,3,1.10544063331134,-2.100799431941361,0.3957376834220542,0.011940907739467259,0.24464612834181765,-0.6053133169283845,20,24470.92
19,4,0.8727744784860307,-1.9900470140411939,-1.068768588974189,-0.15644484389263358,-0.9669611243056879,-0.025057602267100965,119,44399.28
19,5,0.8978942555380316,-2.086805023764328,1.4077505530665984,-0.8304381347224539,0.7603037552765097,-0.6948258453743551,22,34219.85
19,6,2.7433427208670453,-0.294913489055084,-0.6018651467306332,0.36694875338007493,0.08297684593862881,0.1461642861347384,262,47773.479999999996
19,7,-0.11970302518718856,-2.105579050495974,-0.11812359008752538,-0.6262378478778919,-0.4790928610380495,-0.21509082428722515,66,18890.364999999998
19,8,0.9907855367063733,-0.1730658660329763,-0.5153170190434786,0.8165366801141215,0.49196118806348305,1.236855412504489,20,24345.5
19,9,2.273002549154924,-0.6822196251865683,0.00864632853885653,-0.5728674290964346,-1.8104191682350392,-0.4620341025315868,315,28881.8
19,10,1.3868528168618601,-0.4105807712522237,0.7415094811717118,-0.3960981288525129,0.7395986978782647,0.15763126051244572,30,30696.16
19,13,2.440081674997081,-2.67185245343053,0.2941595078887082,-3.7746739444277693,-0.12751042173352414,-1.0402478709644314,15,51637.68
19,14,-0.5653742552521641,-1.8520300157252207,-0.03601577103860798,-0.2529310849223142,-0.6163016256671138,-0.32055389660172234,239,18661.2
19,17,-1.0485651900325639,-1.5236164334702516,0.3328543978894081,0.47425625305971997,-0.5638906526629048,0.12343072729790333,195,26296.93
19,18,1.5741129717473121,-0.15150506851346324,0.07339236447174352,0.6763759442673621,0.5898661712130191,-0.3702211859142021,219,40415.67
19,19,2.988284173501267,0.6032360459765979,-2.0194778177442956,0.06817776837274278,-0.6915441722742951,1.9107211428375637,38,109174.44
19,21,1.7474595975455667,-0.2568466084396076,-0.2509186338994348,0.7398091147434744,-0.2156341778758645,0.346079198833095,230,43031.494999999995
19,22,0.252288216060845,-1.8183958403382252,1.2797573561398672,-0.1079562460389246,-1.1087356739735457,-0.5723598003591969,12,19338.315000000002
19,23,0.5918040940268017,-1.3298147386421644,-1.1470747737199027,-1.1154104739623234,-1.1250101528768974,0.5716484098350232,38,30467.725
19,24,-2.220199322180635,-1.5334601656022129,0.9462066368522938,-1.7600018104296038,0.2789557567025076,0.2602588671745568,18,16159.529999999999
19,25,2.1842256130829316,0.6169474398207129,-0.056697999491914175,-0.011263871686131216,-0.28092198367923926,1.014015631282849,42,41200.84
19,26,2.678607980450495,-0.32097108806516406,-0.17982375861009037,0.31714025982539723,0.15829906648216568,0.3241418518973891,272,44118.765
19,29,0.2809469390954623,-2.0128838934899087,-0.09773713931966144,0.7332385504865997,0.06835316504152385,-0.7508270715994164,24,20148.36
19,30,-1.3865936300787713,-2.014451748750881,-0.5884367185606892,-0.1470809705965812,-0.7107740940751772,0.21967175178849982,19,20861.55
19,31,2.0567278789424095,-0.2908855609402349,0.004733339650951754,0.9325644922138787,-0.332892051336076,0.6119926595110534,209,37503.06
19,33,1.1159607240955753,-1.1791695346570683,-0.9997947255045447,-0.19263409148396465,-0.3231309624021278,-0.3110352825704635,202,22050.82
19,36,-0.9456991440436162,-1.9914683101530088,-0.4681150482835729,0.11649592903714295,-0.40078347166916284,-0.0847886259057323,64,20551.77
19,38,1.0562280413953555,-1.8996271264884166,0.4139999542057327,-0.4772817459216362,0.193906126483452,-0.8627035511324308,63,26553.25
19,39,2.8017031102941012,-0.2926010116362023,-0.7424243816425551,0.11490307001359737,-0.35774008642666766,0.47286637331022846,383,46894.83
19,41,1.1084173451522727,-0.8255897755863206,-0.8966047028254075,0.34088668397155614,0.15575287834024654,0.09917107662969177,116,31013.66
19,42,-0.46576327504455217,-1.8735460887043902,0.5058636775557187,0.004218287290080253,0.022388380451812295,0.2653021071769424,89,24718.41
19,44,1.7506062102990423,-1.087502126635087,1.1350976634320342,-0.6146374353319258,-2.794360404017348,-1.191905668878857,22,37130.745
19,45,-0.46981384027358575,-1.3198004725259131,-0.16019807484408957,0.39771968814152564,-0.4107046764271422,1.001902761691854,83,32981.65
19,46,2.7277456355290823,-0.3734297055480801,-0.7585705025631031,0.6357924570922209,-0.23082974648360668,0.17875399965668107,176,51012.28
19,48,2.5627363442214097,-0.3209465108373225,-0.6837050601521358,0.4342571837441166,-1.2472772043773959,0.27106826012061097,101,43459.83
19,49,2.5609211522735915,-0.6521743870265725,-0.30627320189549556,-0.845194716466066,0.1709886124825121,0.5036532702334303,33,38389.5
20,2,-2.176825412923937,-0.0681654007669879,-0.1280244950619586,-0.3139876953268923,0.2787898209491755,-0.3091901534220655,45,18954.95
20,5,0.2676777575678994,1.5779958431163363,2.0674086296298073,-0.4927594940403899,-1.1415117834808817,-0.7310430961626949,23,45380.83
20,6,-0.8512997109186815,1.1867326054909177,-0.16967882365081122,0.853126785540364,-1.8023197313497592,-0.18131363605157644,19,22821.51
20,16,-3.6618341197604742,-0.5189345124205522,-0.5035922484720721,0.7805259104592386,-0.03218603416812249,-0.4382934092646611,21,21487.58
20,23,-1.069513438754584,2.722911624323638,1.3614143913253545,-5.28566575346996,1.7697919376732625,2.244745691987807,10,21779.175
20,28,-0.996251974900525,0.6966608662296196,-0.22548917159308396,0.2699045146172979,0.9725019421653859,0.41951616539798686,48,23340.995000000003
20,33,2.039336474871697,-1.3363296936680134,0.37731275612352,0.565533138380823,1.5234225889005493,-0.5361026935769581,6,52525.14
20,36,-2.610176971329259,0.9168812557966489,2.6583360462903936,-0.7941234431991178,-3.056669409632725,0.06329819436553155,23,17225.51
20,39,-0.5926755906900568,2.283031094241182,0.25968581278137315,-1.689496941869357,0.11236368519085665,-0.34683287079026964,43,29307.739999999998
20,41,-3.4680320663026425,-0.29397917898768977,-0.4428012388506063,0.9853465267248516,-1.273901643348959,1.0705733306017646,46,8243.86
20,42,0.23614344378324456,0.9271508013301443,-0.4726846870486217,-0.8850148812136565,-1.132668506836954,1.235968517166433,20,25667.699999999997
20,43,0.5774191937766238,1.216665771766995,1.2987155885412485,-0.024717642080192836,0.6526069640578478,0.8832893649742327,41,36629.35
20,44,0.8174728096740496,-0.15271213086047059,-2.0439788104108736,-0.9535984993533639,-0.23020268964426374,0.18583904597600798,21,25169.56
20,59,0.4118798628379545,-0.2154371639306871,-0.6983110155394571,0.09856782508210188,-0.0874933051565743,0.5809185544141867,23,31647.56
20,63,1.5279536163941274,1.7841828931230437,-0.6154102837935903,2.0116429017836883,1.3748191907979028,2.512096285028863,6,28914.64
20,67,1.6049597099035096,1.9901871945615242,-0.15587613348599827,-0.32507235586484984,0.2142676934064246,-0.053890415871743313,105,42163.45
20,73,-0.7469304654860476,0.5943153494834091,0.6916577855716419,-0.879140834291113,0.7610603997613635,-0.13764077831144256,64,26851.03
20,76,-2.8104573537694395,-0.5038622482929531,0.25176792751463245,-0.9824201861494937,0.9838482845929056,-1.7507295708023296,23,16974.21
20,79,-0.4465861704131443,-0.3104003995433509,0.22524851090263148,0.860939367202863,0.4613283333173902,0.17416419142581463,39,32269.78
20,80,-2.763849471135868,-0.5417715302565483,0.8291126522625164,-0.4532981913147416,0.4603516718056647,0.6017612542999398,20,12408.494999999999
20,85,-3.718718062948291,0.2598010817183173,2.0190790165026837,-0.7513550519119466,0.4633168031391671,0.8306780772708726,24,16108.810000000001
20,91,2.189456766140375,0.366334855414113,-0.15918031162537266,-1.3926617412031879,1.4279707756159687,0.5658304495071345,10,55833.19
20,94,-1.6582916492903534,-0.17580973038152609,0.2965830399487914,-3.2485462695464307,0.19988783130833815,1.191850559057434,23,10987.98
20,95,-1.5782037717637307,0.6242013322478753,0.5301635186640834,0.9825651582791229,0.949757371285053,-0.19689626188869366,22,19908.645
20,102,1.0007066886262765,-2.89686994426464,0.8173296976316723,-0.5436432093499286,0.22460352129692118,-0.6780088554760353,3,57743.84
20,107,0.20334592958835268,1.4916771224701109,-0.6380044610094399,-1.122486175230317,-0.8322420448706193,1.8290538973558685,14,37619.245
20,126,-3.2736951648181423,-0.351776497310303,0.2837086447784336,0.07028515481699463,-0.04350230072236219,1.5804013498492169,23,13830.97
20,130,-2.6720723903011088,0.3938566735464782,0.8490165171952264,-0.49155500130783997,0.4783389683600347,1.0009182884715033,23,19179.62
20,134,-4.559898254003515,-0.49129296424888164,-0.058046970747038684,1.2718179218339596,-0.506696582770108,0.8410879324244813,24,9065.59
20,139,-3.735445216430446,1.2617524013673416,-1.6485543818446864,-0.6993008369198221,-0.20703973858893066,0.6921076103439946,23,14386.69
20,157,0.9181672873937923,0.49039998190951867,1.4875725960273405,-2.3929468809297036,1.210032580206585,0.07457486187221771,17,50283.45
20,170,-0.6516910360016714,0.5866308593325336,0.12490248423708075,1.2380687386179807,-1.1421623093250903,1.719027643405874,22,21571.805
20,174,3.0727065075372186,4.0350446373634545,0.9043158095419692,0.49707221230511844,-0.5108742242515821,2.5028627417551954,3,75670.17
20,177,0.2672449586366326,3.0768895110655885,0.12054350769868755,-1.8081918695177457,0.3408467892814677,-3.3067111691794917,19,49263.82
20,184,-0.17224317021904034,1.1849916532885445,0.18997200455623398,0.10458277207126464,0.43881551737022684,-0.7421091764358365,126,28593.25
20,190,-2.08226070384616,-0.5577544161206665,-1.3650646358216645,0.37317885773361803,-2.8814112436756365,1.4401043432615088,24,12864.875
20,197,-0.5237301229660114,0.0739367074012462,1.5356505742368172,-2.292603654595987,1.4747659435682563,-0.7850146623428296,20,19937.7
20,202,-1.1844153903093915,1.7468997611958603,0.340609029462647,-0.958570025774462,1.0750064385018123,0.2516686686818247,21,33526.77
20,203,-1.4965819908793903,-0.0023642395238107627,-1.1046312223191515,-0.2953973650150274,0.344055982940144,-1.5856482456754182,25,18263.99
20,205,-2.8759892553937494,-1.6716494790418572,-1.0177416465416205,1.1622477033753458,-0.9850366559805837,1.0900693955132352,24,11435.605
20,208,-1.4943468173186902,-0.33460250765685207,0.23934860052341478,-3.205922665555423,-0.1039712572489701,1.14059691826649,22,16881.4
20,226,-2.1156605982000714,-1.6213985269774107,-1.3679695348409096,0.6090814511378196,-1.191547309956217,1.105695127742587,21,15103.279999999999
20,227,-0.021819285771304348,0.07190054292212418,-0.4633277670772244,0.43294507170797036,0.7219383086138563,1.2306997942207858,38,29716.525
20,244,-1.961783258667886,0.30818466128768107,-0.8362311377043055,0.07707835073351157,0.7121581711579801,-1.513588340612541,25,25964.95
20,247,-1.800378740911934,0.7939298507660868,-0.04176877503610163,-1.77411675194615,0.9235168548099292,0.7100776408733283,23,34747.73
20,248,-2.480023091581219,-0.034416260731288346,0.2762956746410442,1.8818677793552578,0.037606633289445024,-0.9249988761595681,21,22143.75
20,278,-2.7204212864103896,-0.04625198627016691,1.8905236068438018,0.18747745145173184,-1.2887219739240843,-0.5290416677593587,24,22356.385000000002
20,284,-1.935778511146019,1.2496361636428746,1.7940125868448018,1.2544077807080831,-1.9579470791977167,0.9114297546036018,21,24791.64
20,286,-1.0167575479115547,1.7017123162552452,-0.29391531136535576,0.4844663867730561,-0.21790091335429113,-0.31122945872931645,24,20068.475
20,293,0.9800136574115564,1.873360381861071,3.0216914169013354,0.6474837964683585,-2.740441663417958,-2.064397686079535,11,34289.99
20,298,-2.388415693119242,0.13395542038061936,-1.033642014553555,-1.1255512577625462,0.4080072046567662,-0.9599593064711035,24,20158.175
20,313,-3.2001740659566114,-0.059321869797218985,-0.6830739978552844,-0.4572880677937221,-0.4290731136636182,0.8453451605584734,22,15366.83
20,318,0.04575716038039507,1.3084493225545895,0.50041735945296,-0.48931081914476493,0.912153023306527,0.27486816485875676,86,34826.595
20,325,-0.9104970242082425,0.070083801812724,-0.31845248350388194,-3.3974661587278456,0.18199032852194597,0.9517640490783587,23,17254.3
20,326,-2.8928824713805703,0.46457249394004074,0.25574988420000117,0.37695486304607984,-1.0855962623712865,-0.4155667332898047,49,15171.32
20,330,-3.183051962966835,0.513240562379089,-1.1379003218497432,0.2397787681262198,0.36921944408725904,-0.2930882934415227,25,16404.69
20,334,-0.0647670892965139,-0.8340689460900246,-0.4448713788548441,-1.0057850931801326,0.22526182526302385,0.15800867157574222,20,30689.195
20,350,0.7574492406237923,-0.2775799158794479,3.0668840314386276,-4.863180973626444,2.6740856050782336,-0.7534040980615305,11,31869.17
20,367,-1.7805477098180662,0.9208461877379429,0.7667058162766632,-0.5901455272639037,1.25721840540189,0.1667638104243879,23,17778.82
20,375,0.15212586344529191,2.867554565755869,0.49903756610859906,-5.100521570272732,-0.2996489036478846,3.1759031474800725,6,33382.815
20,377,-2.75618740595603,0.7776960777012675,-1.1668017218783466,-1.0738690330515301,1.1495647470089658,-3.1657244888373834,24,22354.21
20,379,-0.9348377918527029,1.5667819881891925,-1.3308229655677222,0.6405909699735439,0.35358841250905554,-0.8174264807402847,23,16623.01
20,385,1.1625504620380707,0.7347036819691033,0.19889731383106501,-0.9437933981043165,0.6978842126567872,-0.5058979098746976,43,45418.35
20,390,1.651863424523623,1.4158006850037608,2.711525518597919,-2.935225369360115,-0.6663621968139448,-1.7623430389091153,9,54406.47
20,397,1.2405368804559997,1.6860825951226324,-0.020485349685541387,-2.3087923776958004,1.3425638932608333,1.3419187078401034,19,37592.1
20,399,1.0447073592833138,0.7276215350707363,-1.272657113502906,-0.11342667139577821,-1.1786982188301491,-1.0203598715313305,28,23245.33
20,403,0.9019519677341431,2.8328528182531842,-3.44445725227241,-0.0503340120772971,0.931207241896342,-0.18262519972637278,4,35798.27
20,406,-2.7353926204078127,0.8928991230375536,-0.8383962669913877,-0.3934992266671123,-0.3089519479050672,1.5234121562815668,22,15816.755000000001
20,412,-3.1018602717192065,0.278577913002279,1.258560374336493,0.4008077504202687,0.8677263181783806,1.1884637018001167,23,25754.42
20,417,-1.9686171436588507,0.5944926537484407,-0.10397842615566255,-3.4840877698932955,0.9605807366075307,-0.6582342890116324,24,22510.434999999998
20,427,-0.6635766386344324,1.5831555967112476,0.31832204511734585,-0.8989530484392636,-0.2835742007286951,0.7253404195740971,66,26871.620000000003
20,428,-4.551116552759053,-0.9762550641637968,-0.337839415187304,0.6122574706088375,-0.9511042934859378,0.9041309953813426,24,8924.05
20,434,-2.7628053157930292,0.5635204561976608,-0.8504445221895933,0.4770519195961882,0.020322510765566265,0.11685111492199005,43,16154.81
20,439,-1.2995658470199412,0.3084919240761137,0.7313021624539363,-1.147239952364868,1.2259736595785033,-0.20789549208409036,44,26634.184999999998
20,458,-2.4531144036637773,-1.3731116356573572,-0.3200275110918382,0.9972083872801829,-0.8696304679803923,0.09889208948012061,23,12241.75
20,462,-0.08230211630462078,1.5111905709874742,-0.1340999600981118,-2.377118261540013,0.39142569977054836,1.292026972982467,22,35626.2
20,466,-3.3781277817509303,0.06705013003833021,0.21100831809633008,-1.8288975903229208,-0.1494239204115329,1.8992729924461764,24,12145.25
20,468,-2.3780417837506,-0.321273947891207,-1.5023783894476426,0.19473538969080334,-0.4741275063644698,0.6191807097079205,23,21116.92
20,469,-1.1636849999952408,0.7702760670962128,-0.8006367829959199,-0.3826629290647977,0.14519610396062194,0.884852895763604,64,26269.135000000002
20,478,-3.763736053621796,-0.41759199182768253,0.408435055379872,-1.9791327392588993,0.29845739755604583,0.49168706647703214,20,16184.82
20,482,-0.5739895020308053,0.8356375782869535,0.38194844418141816,-0.3753099091474714,0.26861429083384697,-0.45743556662211116,46,30928.66
20,489,-2.0035263839601836,0.760143638864255,1.322929362493987,-2.017572789868366,-2.559250000577588,0.1067579791823378,23,10900.74
20,502,-0.46235366571131303,1.506278954402426,-0.37640921988332005,0.8288021265730605,-5.334812479401791,0.9358878727052262,24,11084.145
20,515,-1.4588320195252393,0.0994440555532975,-1.4672172717134053,-0.06966961553888876,-0.44585189713760226,1.0767334139374483,40,16982.98
20,516,-0.9090682718310139,0.9014994934392683,-0.9055979292360445,-2.341390554817708,-1.2867944449200697,-0.4268737352569557,48,16755.75
20,517,-1.3189073409522862,0.08609719190638289,0.19811900351814318,-0.5752769349243141,0.3318526869182391,0.5384372626708159,43,17406.38
20,519,0.6431631999798049,0.5850046534246287,-1.6064591687607328,-0.4080781103142075,-1.544864756261412,0.5452008584005428,6,15907.42
20,527,-2.153223944165765,0.32444359201431916,-1.1877105081760644,1.040075091175946,-0.020854766860883833,0.05871810992255805,23,13165.82
20,539,-2.785252133457684,-0.15015817430948813,1.0625347020009885,-0.5883849986381223,0.8664452701908063,0.7602329478189219,6,24330.43
20,540,-1.4197519442365167,1.2735591927177221,-0.9371926279038328,0.44653464222889533,0.21123468252285849,-2.1442356978464665,22,42521.085
20,545,-1.5054558624507013,0.6196493210612307,-1.0597797617899403,-0.3420419206441478,0.40150745673175003,-1.0217566089951102,21,24396.25
20,549,-2.9792445562061185,-0.6968937123984664,-0.5571680473244556,-0.9028347139858064,-0.5089918893955001,1.1456035112426082,21,14863.33
20,551,-0.24080239395031833,-0.009030574506995875,-1.168930539093078,0.7908967568224794,0.23450848160345572,2.230992958418124,23,25096.56
20,553,-0.7355172140769919,-3.4319973886420367,0.8845374605171648,1.229685977870337,0.4167758454607608,-1.284341219264066,4,30923.215
20,565,0.3279914936713557,4.417529589139823,2.0946943703808905,-2.172547625143959,-5.349219221911322,-1.2072266221232657,6,41422.17
20,567,-0.5559652004327281,-0.1763492014960136,-0.4920155286412398,-0.22179584084398052,1.061893031925413,-1.1600278633337462,23,14801.12
20,570,-3.615090760237809,0.402194418699252,-0.26974315402423577,-0.20884304261441827,-0.005271913764994252,-0.05828617850740641,36,16594.800000000003
21,1,-1.2228601619892718,1.0309844352055104,-2.1562245508604665,-0.12386076440275147,-0.2981031030676945,-1.9390969418257635,22,24262.489999999998
21,6,-3.5639381185666883,0.704216423569628,-0.5499377327834107,0.7196564517240089,-0.19791344547119621,-0.6604576553810882,25,16614.07
21,10,-0.8690469948490431,1.3448391524063827,-0.08159638013785564,-0.5402071311439894,-1.0791528012218352,-0.4071567005351277,25,24897.18
21,15,-0.8107469724689038,1.718181572163044,-3.1923767996258365,0.6724854850205775,0.21244234873079543,-1.9352612139701175,34,27470.64
21,19,0.09587910101558102,1.3750813863814717,-1.6420792888972016,0.4200670693516605,-1.069888331227188,-0.8568455996207343,39,33198.14
21,26,-2.2536641467690792,0.9644981904138705,-1.8985688060948904,-0.9725367368377551,0.6865206969747459,-2.0513716526400043,21,23070.85
21,34,2.779363933631266,-0.5930585945554326,0.07036990079355507,0.015589099636206555,0.688161394507006,-0.9227394272077404,19,60978.32
21,41,1.780125318766112,0.04684367678974599,-1.1606647346182042,-0.5102123833061911,0.6771861491438604,-0.05243582703289879,44,43437.885
21,43,-2.165602063888948,1.4948625946562153,-1.472605855480362,0.43897479053805644,0.8275089926723824,0.9242159793201594,24,16304.974999999999
21,44,-1.4014586206476434,0.528878806100348,-1.0945582300041865,-0.06475300885392829,0.6518490912268073,-1.6964028289619724,23,29670.88
21,45,-1.1725221810934925,-0.4857497895637747,-0.6713459173077204,-0.30320305484958876,-0.10055316480702542,0.4510312961856986,24,22192.08
21,47,-0.44684117377554655,1.0228602173499284,1.3319007817292936,-1.1734296316730535,-0.9227181391363277,0.34480361353833267,22,34109.91
21,53,0.24922917800727246,1.7579496788418891,-1.7367794820070646,-1.1497595216787455,-0.4035954682381799,-0.2716831769172348,22,33554.57
21,66,-1.3077699061036114,0.4449952857256998,1.5670240441252032,0.41549621219574273,0.031941430105658225,-0.58861390428548,23,20151.28
21,71,-0.698754126791393,0.4932616588379882,-0.8782321873361737,-0.11545022404121745,-0.06978583641029827,0.5386785933024589,91,26772.44
21,72,-2.4809473849754338,0.7249913019842269,-1.439818211717159,0.876287228950309,0.3569110106909105,-1.0058007184042879,21,18691.93
21,73,-1.9106892960079767,0.1471557460686127,-1.4083160024145431,-0.45129490286433943,-0.32231487205370457,0.4900701430272853,24,25877.705
21,74,2.155113986260366,2.2151510763437665,-0.8440754862996009,1.0822731548895568,0.3725675618000342,-2.6105552183442384,18,38539.625
21,83,-1.4844061542707523,0.7568393089708363,-0.43513884282720494,-0.7936301932467604,0.5542113799694119,-0.5901094439426681,47,18633.09
21,85,0.7984229439768746,1.4864460970944782,0.27457076509862854,0.36880102025117534,-0.7511063426845116,-1.9367242009804464,23,32671.19
21,86,-2.2758458285166636,2.1909550513039027,-0.8762284879477948,0.012156768460214074,-1.2170160855761238,-2.4338358791039054,22,14554.810000000001
21,91,0.1756930087315688,0.27834200543538196,-1.0656094303333155,-0.4260188512019498,0.5378974946452041,-0.7372572282914274,19,31179.48
21,93,-0.8999414444644639,0.4816355704676759,-1.5352166083260477,-0.9574939029994037,0.03945633998669429,0.6057095616014039,24,17041.855
21,94,0.17064715303319228,0.8764257205281565,-0.7445465566594478,0.056135112907737844,-1.7544248809294416,-1.9344324955427044,24,28184.17
21,99,-1.2385801051749636,-0.3512530167853665,-0.21253524736976828,0.8076051664626248,0.6787686269875344,-0.04273662146585865,22,25393.28
21,104,-1.2540124072686827,3.007103668767232,-0.4305106936908393,1.5341490498954609,-0.7120144673923501,-0.3865776177152279,23,27793.28
21,106,0.4214142815916614,0.6461980351163095,-1.3352445921712006,0.7168633910552513,-0.3739192044208688,0.5817532169920002,18,35376.354999999996
21,110,-1.3255944576839847,1.3531882714478904,-2.2138771188240227,-0.36315734935954824,-0.04624833676424139,-2.529367803942029,24,28943.989999999998
21,114,1.8196210123535146,0.8852324388992698,-1.0720437220038086,0.4555968833112918,-0.2315549676189431,4.508521695126308e-4,635,39141.28
21,115,-0.9164436209805744,0.5340189344320508,-0.6331374895189982,-1.206235765286705,-1.1245535724515596,-0.9948129080783561,24,33020.11
21,118,-1.257227281697876,0.40257520322575696,-1.3390819596994057,-0.11847696575513611,0.6972582459664132,-1.5681518864723625,21,30711.69
21,119,1.4461829503697998,1.1940867720105242,-0.1550083435584197,-0.9018694272712723,0.44175775439275433,0.42980049775443163,53,42608.28
21,125,0.3256476835980171,2.20202176960002,-3.181646954741183,-0.20664026237837832,1.2882318179629648,-1.5764924131794091,11,33853.19
21,129,-1.7870345607331846,1.8232206508628117,0.07354237526343907,-1.7075168632891005,-0.1424865790356649,0.8645768238518082,25,25590.97
21,132,3.0505216756411406,1.935275975364299,1.1190528636620547,0.04489590223872838,-5.116700324266291,-1.116814793433114,17,41229.53
21,138,-1.9340407684765872,2.1603424953303008,-2.26617558473803,0.2042022944974545,0.6037827184545358,-3.4566786953285384,24,15687.74
21,140,0.8195180993789706,0.5193628478771243,-1.1168223465003635,-0.10092040152488929,0.4379420621570904,-0.10253184221552689,45,33354.12
21,145,-4.6115362879174135,1.1172582336057844,0.35697353773218066,-0.116961199045472,0.7921913133538946,0.2215070954432232,24,14809.849999999999
21,153,-0.4112208913215115,1.9685058003825138,-2.482648687368056,0.6878112174857779,0.221992327784239,-1.8397285975276378,21,27945.59
21,154,-0.7552607419906545,2.3944829616407057,0.4833234314171997,0.04760163961712899,-2.075000482020254,-1.5332203878386372,44,32629.489999999998
21,155,-1.1761472196894573,-0.3828728194621899,-1.094412033454374,-0.36739493771307064,0.27852238573479077,-0.18963864022325036,18,29095.1
21,156,0.9334931899888756,1.8080354145419486,-0.5490981024876904,0.09979651390165184,0.15800376290885637,-0.5294450104608213,90,31954.925000000003
21,162,-2.260797922779497,0.6007711780681226,-1.2729634103867427,1.1761689420825494,0.2048155479256723,1.293118847342414,24,20561.775
21,169,-1.3785063531663588,1.194958261678713,-0.8785602394830722,0.8994224914467303,0.6852300620984563,-0.761814507577848,87,28213.21
21,174,1.5596029406678262,1.8073873432840686,-1.7461301632894561,0.5949452283210657,0.2904421332321745,1.7670736002814198,23,28820.28
21,179,-0.9928604885289112,0.053913963632184037,-1.2852582437873266,-0.20258292518413207,0.3640122268287291,-0.5674010097351898,20,26186.225
21,180,-0.8491531410103829,1.2972149683494754,-0.39164148714763525,0.5378054286710813,-0.5878172008892194,-0.5188283659233931,46,29702.265
21,183,-2.341085195547953,1.676586251586178,-3.297829237804366,1.1799202258237802,-0.07606149101740406,-2.6015246726091235,20,20381.02
21,184,-3.8006101117219657,2.8557834573456513,-1.997307248865393,-0.7728168490728395,0.6792978243981557,-2.684871679108833,22,19502.39
21,194,0.6603273145106202,0.9231898288695425,-0.815483229977132,0.4483689438383187,0.8962266540501537,-1.690358241304394,21,29155.87
21,197,-2.152658345665505,1.0722948035266195,-1.002864561482237,0.7599472225889945,0.6724745708748332,-1.6606758647403013,24,24717.125
21,200,-4.034820760815487,-0.3785918189527321,-0.004817890641562905,0.6604721408578169,-0.03680047254662677,0.4918925146191563,23,19698.079999999998
21,207,-1.2876347487278514,1.0308017758008252,-2.144506745583864,0.2998055964984589,-0.0518368526205783,-0.26535865876651965,23,22255.4
21,208,0.2267115368923025,0.7602244355814861,0.39074020188895375,0.33583048998426707,-1.4715943345270122,-0.13875377532305264,45,29215.38
22,1,-0.6448144998092922,-0.09853214988666305,-0.0773220621384199,0.6099052732078177,0.4086084969278775,-0.04880588410687433,219,25275.16
22,2,-0.5449509656056455,0.19012988188540886,-0.034440193476085124,0.21848514164079713,0.49234845629089063,-0.36424373754290995,113,20459.23
22,3,-0.13779359164938468,1.5371947424324666,-1.36212825441355,-1.7726529780647466,0.6349022560475186,-0.8144882958776763,24,16737.870000000003
22,4,-0.3968961766595811,0.9017759501566126,-1.2321360339032494,0.5637431988576571,0.2854762068217249,-1.7393607406247205,177,28710.13
22,5,-0.44474186087251316,0.03978455251423837,-0.6140016697990079,0.25480423148054854,0.4620134670074403,-0.05974408174723537,146,34360.61
22,6,2.551114393641578,1.3864551958988494,0.4059814553016402,-0.16973476765508744,0.07417967720068508,-0.6300751720183946,184,54733.155
22,7,0.5670522434338887,0.15034050094475576,-0.3432934967900143,0.5034900212776664,0.25809533144290375,-0.4075304142795726,152,33421.619999999995
22,8,0.8222081192462581,0.35156259507986676,-0.5912923226318704,-0.3150323387244992,0.953858390524542,-0.5997806521809546,106,31204.71
22,9,-0.23882801401983336,-0.11203344719912398,-1.2142149676575376,-1.0044942462575766,0.27323360988683393,-0.6218733364293352,69,23494.579999999998
22,10,-0.25744536412742863,-0.382847149036256,-0.0766959704552245,-0.5915384945918004,0.42928306131184363,0.012616864169365803,104,23878.57
22,11,2.086358370964928,0.18641341283540566,-0.5849790696186047,-0.04060792434357946,-0.51679270196863,-0.04723231490770155,390,39908.825
22,12,0.3538181390522559,0.8397207858881437,-0.2359251403637116,-0.033528731887914734,-0.4204430332903615,-0.7931219947946211,200,31399.855
22,13,-0.08072973753417723,1.0704847386491314,0.20033590243647342,-0.45238084744115453,0.9956684467538004,-0.3148405228485346,67,29224.329999999998
22,14,2.523393786600695,0.4113867376675512,-0.3738356683262271,0.34476021732832896,0.0404845133982647,0.25260286034552126,1044,49738.44
22,15,-0.4236777246207367,0.61069372731676,-0.7966958196869134,0.12129755168137951,0.23847906387231893,-0.19918551408528884,86,22397.37
22,16,0.9931861713797911,-0.1508764650859235,-0.0286054618864858,-0.22696178202989292,-0.18334105250100505,-0.16135229663973508,411,34497.37
22,17,-0.20025112252175237,-0.20251346403602508,-0.45277914955944487,0.8750471357909247,-0.23067224814211132,-0.4084438152155,128,30986.79
22,18,0.1806760289560963,0.5617573568812754,-1.3496338844712956,-0.41903792569444936,0.35491958134049584,-0.391867128500352,68,24228.73
23,1,2.230801527353125,-0.00334353001665455,0.43499309281292425,0.660475444613408,0.35405144720235254,-0.2254478885942921,112,42727
23,2,0.6562229487687392,-0.32858419102227365,0.9629086636572621,0.8972372803351291,0.5928978617398859,-0.2261991591574,182,24820.85
23,3,2.9235546259553256,0.11145877949833771,2.148330377448388,0.5364030793406371,0.315511213063443,-0.8435386464667057,26,48353.78999999999
23,4,2.2413109105380626,-0.1791073029800283,0.7089140280128466,0.688989590365692,0.19685082149870414,-0.32203928035805673,296,37063.94
23,5,2.7353694085673164,0.522640275965879,-0.25825210044501995,0.3420555783689609,-0.050536018144649586,0.427974971957735,1056,41366.89
23,6,-0.7061554631060517,-0.9028695631413393,1.2156588860186615,0.2951250138505182,0.9421290732942635,-0.3000262161190703,95,21560.52
23,7,0.8622607126436198,0.3920952569753339,1.9234185331599716,-1.0244508548620335,0.2595104042584827,-0.6292532732717708,111,28125.76
23,8,2.8954932423873925,-0.12412166291541388,-1.3838086471005897,0.3959270933778403,-0.3749555365113555,0.917226740132578,411,43363.45
23,9,2.505211091422575,0.6181530968003783,1.0129013162343556,1.2710322962392122,1.1027418082885232,0.34723251489866547,107,42478.6
23,10,-1.889931501564762,0.12434697553333235,1.213537386383909,-2.519624440685631,1.1788601071006142,-0.32618498224765613,22,18520
24,1,1.1163421759026009,-0.44020452815911393,0.15466015435341376,-0.22736574495601725,-1.0164048125860503,0.5945459037953883,43,19309.95
24,3,-2.6707341914655474,0.030638843999524545,0.4268700633345326,0.907168744250684,-1.1782620128903833,0.08954063402185182,71,12798.37
24,9,0.6993651170603847,2.6759787003728803,-2.0736680450715697,-5.873171194753221,1.0516435785856242,1.095865557031164,4,40910.575
24,10,0.739474471418762,0.6196528513656203,1.2038598885427436,-1.6606279362641183,-0.722204905985532,-0.44825949435866197,71,34569.26
24,11,1.0332858444843889,0.6258296389013435,0.19480805743235358,-0.4035074176745189,-0.6146801394469622,0.01916987519666746,92,31031.949999999997
24,12,-1.1525547484279755,0.997259527314416,1.513534250305756,0.21743353157113926,-3.485631393703051,-0.37341890135618927,25,15984.16
24,13,1.8921188530038964,0.5862707236691355,-0.9783165451225515,-0.07455189525471878,-0.7297315655842661,-0.19184005113720068,127,29597.149999999998
24,15,0.5564880808858592,0.3951766789390433,-0.4708836688497913,0.9604177999606401,0.9256100373461699,2.0700831336764125,19,20648.01
24,16,0.3369292469281654,0.08018705377569157,0.34817505892231765,0.13894324041043665,-0.39681686691277807,0.17490671253178125,67,24955.43
24,17,-0.3262286353295688,-2.2626226284608464,0.33603241192897154,-0.745971380633537,0.027850192160233322,-0.3571890801326964,18,24675.559999999998
24,18,-0.3368880186609138,-1.3166033211812451,0.6460856716944723,0.5833551431677882,-0.1666692131575891,0.0812854829555307,20,25285.925
24,20,0.754183083697014,-0.14342451549864338,0.3594715461601735,-0.13744935506474287,0.1773759205712487,0.4568543499268862,84,32053.39
24,21,0.8874134927723516,0.1681016994818742,-0.6805951233647607,-0.5651529230855107,0.7025431937786013,0.1629960145670568,62,33326.14
24,22,-2.281362306580405,-1.6500356129423444,0.011883108924514496,0.07086482655960968,-0.523376554467444,0.5923535926874353,25,20708.94
24,23,-0.6157685477672834,0.034324602237462476,0.09339963148274355,-0.3853261475662393,-2.392367964404575,0.21121056392012028,18,25921.84
24,24,0.7196501491066553,-0.5559734671276712,-0.22994085129075578,-0.7583785740160948,0.5136261507095075,0.1473135337356185,162,27985.985
24,27,1.3217615359880792,0.2385003009848119,-1.515607346320238,-1.6718000792233219,0.30890787210000703,1.551934415881122,23,31810.73
24,28,2.661934759320777,0.5842902621566718,-0.3471516898678699,0.056162410021644016,0.0956015154459639,0.6920285533135774,620,42910.97
24,29,-2.4132483380228695,-1.0509908236130556,0.10394763669074603,0.019336967934017957,0.08735601440458196,0.915816265475968,48,16163.240000000002
24,30,1.1203536758027044,0.1502013158629146,1.2615845611541407,-1.8322678367439582,-0.7961933132675543,-0.22720135447920342,25,27217.06
24,32,1.001703518351508,0.36343693580953224,-0.8916019143897211,-0.03781931234492915,0.9791027744152279,0.5114622445022754,43,28596.95
24,35,2.6605932062777904,0.6981765578875749,-0.6032369634934671,-0.003538991013739945,0.13899601632744335,1.1648907783393612,259,44675.44
24,36,0.40483854467416225,1.9633214706306614,2.915147506542395,1.0665053241297717,-4.860398969909913,-0.5947094168497891,44,23261.515
24,37,-2.426083541920728,0.29528341499558974,0.014863067887981418,0.7642988694204066,-0.6594759415357372,0.8242552417410723,114,16433.835
24,38,-0.9383059316578133,-0.5977284753652488,0.048875802278078015,0.044592898313631044,-0.3424976326822423,0.8896219406325226,24,18869.47
24,39,-1.812094621184869,-0.8534183837748334,0.35264042136630347,0.6447506807698001,0.5979836451976663,-0.2631008137042743,45,15283.619999999999
24,40,-1.1144614442277616,-1.0928553610920195,0.47667230026829366,-0.29423624005352805,-0.495697365377576,0.3864856496569825,86,15732.724999999999
24,41,-2.4834277577559765,-1.3528236128321134,0.36991984560873925,1.078613406864032,-0.1622815007534485,0.4936716520528002,24,13270.805
24,46,-0.3772906116205395,-0.32737882135482804,1.178868194370858,-0.34548965656679054,1.0537833847483777,0.4888560135381788,20,33475.11
24,47,-0.44757091513880753,-0.9690654403013697,0.6398825890086549,-1.3381937445653946,0.15019024111867885,0.058137136642713826,67,24303.26
24,49,0.07306390148033452,-0.7136686623451591,0.27960696352146197,0.5287254113788151,0.5663188247713311,0.4864984168200596,47,29718.239999999998
24,50,0.38466323545864156,1.3239822863996147,0.7792760268126825,-0.4714513640885734,-1.277739710573136,0.31621478753381876,47,33026.31
24,52,-0.42722561614486537,-0.611202791027036,0.9787447762280915,-0.3233522001530035,1.0016458064366713,-0.21809308466386146,42,23213.14
24,53,-0.371652289948469,-0.9186395163096519,0.04352762219822495,-0.2655614612510818,-0.5352589386111423,0.4257848203239805,48,17947.32
24,54,-2.0039629183343792,-0.6533027873041939,0.26821433995212834,0.6223702490539125,0.08596043578641727,0.5894176083276703,49,19453.59
24,56,-0.4960725042736268,-0.5254412336696169,0.8485091127562348,-0.9575000786765677,0.08614548005636974,-0.4705788444280969,89,26103.79
24,57,-2.7940512029661764,0.0013898389174961667,-1.387035022802784,0.9857040508132594,-0.1510689625499842,-0.10648626358843838,22,15870.404999999999
25,1,1.5467421285665475,-0.020746314084625198,-1.0673487143156701,-0.6823909614546879,-0.35130827280208154,-0.7384893812145261,536,39502.525
25,2,1.185107691837575,-2.236772725692327,-1.912736560433116,-0.665301332164691,-1.0174514921210467,-0.24097189276126466,44,24372.64
25,4,1.30653876250242,0.7975128751692134,1.470985090877385,-0.20700731009325102,0.5222575247428273,0.06532859512453229,45,37769.37
25,5,0.608045333393677,-0.7645310117930344,1.2871029545093995,-0.9127029694824127,0.5276670837002162,-0.11899099414264397,40,34678.2
25,6,1.8263789249495634,-1.381549438948787,-0.5623299610763544,-0.18155389918997428,-0.7503520617176419,-0.24083262388493953,1161,36054.6
25,7,-0.2959817480616518,-0.21622427125875796,0.43268619552311505,-0.20955507824377456,-0.23839094142379064,-0.5895094108446708,91,31939.260000000002
25,8,0.45665903833635996,-1.8105046281846424,-0.0820620961163496,-0.6816120119894644,-0.3031052529684524,-0.04097760181158271,65,32694.21
25,9,1.0520510151354487,0.79913632710232,0.6256351730689571,-0.6543868845820644,0.3164146996950743,0.3417184774379008,87,44979.03
25,10,0.6390240188090266,-0.8801342295065362,-0.8743634271929712,-0.9802425568880682,-1.2949813876516705,-0.28822921387445205,60,29293.9
25,11,1.5688185275131479,-0.453884962459034,-0.6972247358400782,-0.36889937987664073,-0.23583049692384653,-1.1155225390509595,168,38305.145
25,12,2.2047561407709493,0.41167341823701353,0.00894525758549125,0.7458640411454918,0.38292957759244284,-0.5487409986955037,621,43746.01
25,13,0.5813713370358865,-0.4992042310955678,-1.2450978955308005,-0.008910782356407423,-0.6679132283409615,-2.1436859676483326,47,27571.07
25,14,0.978850040878517,-0.05087008034868051,-0.07963660995102148,0.12122346797400932,0.3886722334202647,-0.7558483638094436,43,37505.71
25,15,1.3453200555761209,-1.418897419482247,-0.7428842871130229,-0.42402299273433897,-0.21764764674059628,-0.5289702557827957,174,35747.17
25,16,1.245884389538674,-0.4787800706126172,1.4133373739124004,1.1332477227117608,1.8191474352425607,-0.69037880564102,20,34873.884999999995
25,17,0.8646396812397081,0.008512866331716135,-0.005397876477318625,-1.0715653508129201,-2.1377540789371032,-1.0603907104973211,72,26820.82
25,18,0.6011573731312008,-1.5612348266645149,-1.0681019306672326,-0.6069888915322283,-0.4766504429594877,0.23217992218329275,120,28267.489999999998
26,2,2.16596383658272,-0.8470660162805034,-0.9790897582505258,-0.8026853126657612,-0.25104374230665805,-0.6853496348093812,86,36536.44
26,3,-0.8118892831294333,-1.4692131410669174,-0.7553485884578175,0.2101149774986269,-0.6300719060613023,-0.13217773447508735,45,22130.329999999998
26,6,0.5919577976972904,-1.1236558916200978,-0.9718097737807234,0.23274094588209407,-0.7851477838251536,0.28132561412611445,24,33578.485
26,7,2.476581235984932,-2.186665835626286,-0.5542389723816031,0.2901581066187374,-1.415101652559662,-0.7693776971917397,22,16245.76
26,12,1.438099332467111,-0.5575715210963068,-1.3389790195981026,0.2509856266375202,0.11365608887970835,1.490386101879907,20,28789.94
26,14,1.140540309706192,-2.188806120644346,-0.7018576837985695,-0.055134505345901336,-0.45394266806386874,0.0715612929942776,22,23158.254999999997
26,17,1.9978712890738475,-1.3868604088963423,-0.7411533786130289,-1.051208039647691,-0.6163201316550311,0.3024099505724623,69,30606.06
26,18,1.9338816659442641,-0.3616096425719243,-0.4552546585006699,0.6268757344431194,-0.4682773430898376,0.48822789633319236,326,33312.59
26,19,2.648982697014298,-2.0698772767977234,-0.4763945850670302,-0.9954438684268299,-0.5321720572635512,-0.7474104227877144,46,43683.305
26,25,1.1641302167101029,-1.4724663654086632,0.7948467799395407,0.3928790271737982,0.3345384207979303,-0.45111822317679784,43,35457.72
26,26,-0.5739050280978819,-0.9126066816463418,0.06293819284606503,-0.11657830005039733,-0.21210879297487334,0.7273105614623794,64,23745.699999999997
26,27,0.9672979934725241,-1.9047443169128204,1.139275665430574,0.7499723690630248,1.546491866139911,-3.4920626702055606,19,38929.81
26,29,1.0875026148202698,-0.3636587105802581,0.09575310494991303,0.531700712846144,0.0633678015624515,0.865128246996207,185,29288.02
26,30,2.712085832974142,-0.5297931322310058,-0.4588878892899768,-0.2786939042080803,-0.46250485058146495,0.4170328018200595,685,37413.409999999996
26,33,-0.16593027342119768,-0.3969592774361587,-0.23306267882753226,0.5186705766700762,-0.5771851195120835,0.45522879057178933,161,22847.91
26,36,0.8300289351674193,-2.006678106049784,0.3861444375309352,-0.24790205895384365,0.5528863075737638,0.5215920599424324,20,43146.06
26,40,1.7615884918316689,-4.14119937036247,2.8247467544215437,0.3753443832757156,1.9069605069207007,-2.999840764023067,23,24172.02
26,42,1.4029636001530021,-0.38896103779507335,-0.4337402812166617,0.48830919117373567,-0.7002750070175465,0.00838383290256767,156,30503.225
26,43,3.3595574710966454,-0.24050890670566097,0.21018503208527417,0.06435727221419249,-1.2111246290118065,-0.34453062613076446,199,41278.54
26,48,2.3827262647723093,-0.8998992653066294,-0.44143501390500633,-0.16425558075234437,-0.4874043743040386,0.4402200329929861,65,38209.1
26,49,-1.3180352705037839,0.22351578026827273,0.5120951302806493,1.685259582784691,-0.27542790410174084,-0.16335721183857557,23,16447.89
26,52,0.27331298312132535,-2.071114621250799,0.7847126224509956,0.32595289790170234,0.027621809643586875,-0.7070528634058199,21,40254.38
26,55,2.6234552818743047,-1.433661767221841,-1.008938315486645,-0.31661914836782706,-0.22688456493602555,0.5406740171491179,173,39221.07
26,57,-1.4303465338839811,-0.37254470803335205,0.5999263488876578,-2.151396940155646,-0.035333503958938806,0.7605195345745799,19,24215.94
26,58,2.7108602159262345,-2.131515648655819,-1.92509644590166,-1.7857162471978412,-0.8056641821615258,0.3251960215051224,19,27679.68
26,62,0.028353518519735332,-1.945590988422011,-1.0899135441430725,0.16939007647840706,-0.8332675004420168,0.6323182264951027,23,26880.88
26,67,1.6240420207959223,-2.5885937998402277,0.20821939375032378,-1.0674473842620995,0.5590680298575641,-1.1591949394369727,20,32759.144999999997
26,70,2.030638653391944,-1.6919081398532412,-0.26450290144834965,0.010951737712885129,0.21456365487442897,0.051081629930953165,40,40494.745
26,71,1.7155122759109724,0.18328694056090927,0.7736479350975802,-0.21477894642018594,-0.14831044785922573,0.581476879598512,22,46140.774999999994
27,1,-1.271038637090264,-0.36081514398168824,0.8969619281207893,0.8517275626055578,1.1462498871483804,-1.0352833307045046,24,17991.04
27,2,0.14234914326666176,0.1540989807599828,0.3992214294671408,0.26688733419038907,-0.19335693976867135,-0.8641297485773355,211,28607.76
27,3,-0.3646935247015921,0.05414467604096325,0.5186318944740642,0.6335378740850842,-0.47394864391746394,-0.2523463604590358,64,32798.93
27,4,1.2353923340522281,0.7046665927050652,-0.15123815938421284,0.337530584852882,0.12726783069049993,-0.3563962311998359,640,33443.119999999995
27,5,-0.7992358415984868,-0.10323124046003775,0.36327726390114823,-0.0037604380946507088,0.5869039253693973,-0.6816292127110511,347,22817.59
27,6,-1.1419029354749155,-0.8274301926276114,0.3753427329469046,1.2732264861915024,0.8774472704131975,-0.6799757021660713,71,18890.95
27,7,1.2991041509321959,1.0812563663799128,-1.4235126335692638,-1.1549122014715205,0.5916487747834077,-0.8825940449922033,18,37579.05
27,8,-0.8738854911635743,-0.2862496980687937,0.39144964208250815,-0.005342845395004847,0.15874390385008305,-0.7066424785545083,283,23428.61
27,9,-0.7404030132395528,0.25216221080185874,0.649406475302442,0.39044469557469647,0.059887172138253925,-0.41563563442938467,146,22324.58
27,10,-0.44284669680719313,1.1591644082550416,0.6898968677342592,-0.002027800895088444,-0.908697935539188,-0.4143833576464593,66,28527.235
27,12,-0.696992421566274,-0.14546728997969696,0.12073679587633032,0.1944701970360706,0.24248090258128047,-0.5688640137420993,87,21055.43
27,13,1.1427812550810632,0.24032498406358288,0.4566595849067183,-0.1637350609488481,0.3705149130406276,-0.17239988145123863,135,30061.489999999998
27,14,0.3378691656936779,0.7592188309962286,0.3657167563716936,0.5081171968013403,-1.5121705870572266,-0.9008972249872684,58,36189.61
27,15,-1.3579621471113807,0.17198577690564207,0.9383838624893526,0.09486154010020775,1.0188148749708927,0.15075349764336424,65,21689.02
27,17,-1.8066661315821484,0.34169226638603545,0.43616834358500606,-0.4424539124549549,0.6802020637995105,-1.1335227058191286,86,20449.705
28,2,1.3812704155957383,-0.21692237249697657,-1.610933125086006,-1.820354435726364,-1.5157190674665038,1.0410980278718642,43,19984.23
28,3,2.3000740803218522,-0.32258794328866514,-0.9651938526151558,-0.14344225793883675,0.09836467478288213,0.3987960333782548,134,30730.825
28,5,0.8165299092444183,-1.0345568664954952,1.0744803394375022,-2.507695968790058,-1.345126768101029,-0.8476879941790714,45,25019.8
28,9,2.9417450117119275,0.003693544372930735,-0.5090263055058121,-0.5689053200710419,-0.8374332354387408,0.38658627283415686,117,40603.87
28,11,0.8470118034212971,-0.5944921912107042,0.8231920914215507,0.5453945145811706,-0.5543250212325561,-1.2433822127554897,22,22407.96
28,12,-0.2988555461969777,-0.7104640165919078,0.020412172561611625,0.28051996344318253,-0.5865609286219233,-0.20866981200942292,87,23326.9
28,13,0.23976402427620358,-1.982709162096004,-0.6525176392485244,-0.3405521107789223,-0.4078887214949252,0.3075818350819927,22,32267.55
28,17,0.006602100519679521,-2.2328570434280537,0.15095356351468833,0.5629739410653507,0.22706391552400712,-0.47906024558539567,24,20263.715
28,21,1.4269775181164301,0.1981355948410406,1.2524998868874515,-0.5247611470418074,-0.9541308549348972,-0.14255047543292518,150,25669.715
28,22,1.9958663145402522,-1.2778582282197426,-0.7522054188723839,-0.17850206109205,-0.3128399682162562,-0.15330833272131644,360,29214.699999999997
28,25,1.2029046176679354,-1.8936248501448112,-0.8357250736654709,-0.4841319194133947,-0.301447862922406,0.05592746694864325,38,36892.08500000001
28,27,1.529354979554857,0.0667404730659461,-0.4340823078005739,0.0017179875910968562,0.0033915815751638656,0.6332945192622393,219,40611.68
28,32,1.4225248106981274,-1.00808064634812,-0.21579584197698581,0.45360369660323985,-0.04426847801891122,0.10282390108671477,357,38208.66
28,33,2.2993157627934493,0.025899438180553624,-0.2881541707954886,-0.5724400461211907,0.4512784484944527,-0.3568271749084206,69,44659.15
28,37,0.9884777546767919,-1.2717131885319148,-0.04121444450934919,0.3015025358447457,0.8790090666417065,-0.34715050165286854,57,23759.11
28,38,2.5497396236850802,-0.5004778025439145,-1.3426146958417198,-0.4135428959609332,-0.4122781096122463,0.5566884760147194,186,33422.915
28,39,-0.7962007977895718,-1.0388988310999812,0.030967576150029458,0.032059577861194205,-0.2714152486911496,-0.9481245768564265,91,17653.35
28,40,1.0014827600167255,-2.0742680811872956,-0.16932657289418665,-0.5424092001046447,-0.30190721397731785,-0.4857003210538294,81,24292.88
28,41,3.1228907014734837,-0.3156392234800101,-0.2926083451386482,-0.2626169401359111,-0.9097998858730179,0.0862527479489208,233,31940.239999999998
29,1,0.527744556100608,-1.3633639118246876,-1.7975038800472272,-0.7370984495364357,-1.0695196547787966,1.3797115197660046,6,45433.994999999995
29,2,0.8700083072649434,0.19178827897113054,-0.2623607767872415,0.4141629610851316,0.4899651270235155,0.5592291549385768,47,28145.75
29,3,-0.330050723230641,-0.4383152833434765,-2.032572078530317,0.13707773770915105,-0.021524068519663486,-1.1273746638305566,24,30586.645
29,4,-0.04178146551205786,0.008754615376395242,0.11485028996500754,0.3097841460146281,0.06568264606438554,0.42424820326537976,49,24572.13
29,5,0.7332808944302858,0.5303383828645145,-0.84488680218776,0.5253481114414031,-0.5864831768410094,-0.24177796320664155,116,30980.165
29,6,-0.41086920117579556,0.2970192462801305,0.2452733602196472,0.3130208032694206,-0.3521824646714379,0.9404085579436545,93,28925.97
29,7,-2.615204217030497,-0.8929657801477807,-0.208676637766418,-0.12490471517191479,0.004375017995364605,0.4713303757218647,24,24471.875
29,8,-0.83409179765369,1.2768069042699242,-0.8062270032627892,0.35235668829763095,0.5140866461906128,0.08396123253268814,47,31380.69
29,10,0.6356472003290876,0.651143086420778,-0.9067673363192427,0.48570444033243787,-0.4022466540454679,0.032882935825911654,130,28401.105
29,11,-0.48180116983968896,1.9727287192837157,-1.0995985130604806,-0.5558191539863585,-0.10710527407258563,-0.31877106668861965,24,24773.79
29,12,-0.15680342649208728,1.1210011537238702,0.20222785490458825,0.2030909565996257,-1.6080860355617148,1.4770420297616162,46,20255.55
29,13,0.4961545411870256,0.1300824287351806,-1.6052103490445722,0.44990511163990077,0.17249647534122153,0.08098122306009706,197,27347.18
29,14,-0.37635794238855996,0.2424530741701355,-1.7761379681790193,0.4348082573685178,0.8793607655772613,-1.4229128540516762,21,24295.920000000002
29,15,-0.1725441226921779,-0.013276174853869116,-0.9024988087508885,0.4121685794427222,-0.11671997190939698,0.7210793386369988,104,28060.77
29,16,-0.5234467973864827,1.7932213930702636,-1.692369170173985,0.7435737346804411,0.751727228098571,-0.3774138404677533,22,27226.655
29,17,-0.860166878437955,0.23540782297781293,1.5287213900050167,-1.5586528334198444,-1.373111672510386,0.4048356937144257,17,27552.32
29,18,0.7740988586265756,0.4093793476264277,-0.5747797362276513,0.5961171684931749,0.714370762340663,-0.8017254880880625,54,28914.335
29,19,-0.7962146740520664,1.8284607619506241,-1.3355334508803847,-3.0202096648442445,0.47805138246567935,0.5613007828119032,20,27902.379999999997
29,21,-1.1578849482657267,-0.6188617547221935,-0.2438072878013361,0.9674744003395106,0.20010037497787522,0.13395206325388803,45,24537.47
29,22,0.21258133818341005,-1.651045066718596,-1.3666010880721822,0.0025577421593479532,-0.03008374536336325,-1.963694051741003,5,25126.989999999998
29,23,0.17893408373621317,-0.22199592916411234,0.049018336447867045,0.09264553520576613,0.40304452275891745,1.3152608372864671,40,28609.35
29,24,1.1433345622564197,0.2734579188198698,0.011719363528239518,0.8969153167552342,0.2740166381719176,0.6317975610152851,58,25738.46
29,25,-0.6008521650673363,0.5238288023251745,-0.7828745981921531,0.5334060523273674,-0.4865236634678268,0.3976459792554475,95,26745.78
29,26,-0.4702785232718107,-0.4923269785467355,-0.9234908341343652,0.8599510445837175,0.5017743678483788,-0.4214054539772536,41,31403.78
29,27,-1.1653793598113171,0.2933524232901091,-2.7742518602162627,0.49926615014018355,-0.18191100788107206,-1.527355726508079,17,33894.02
29,28,-0.8032401481140576,0.42288880264619155,-0.2533794626521048,0.622079773031609,0.36711784538966985,-0.13752920080503395,44,29625.440000000002
29,29,1.0910537711480988,0.08618618709154269,-0.3388563191295011,-1.8764135962912476,0.7717619346028373,0.8814070169313967,10,29703.690000000002
29,31,0.5577796850451042,-0.4951035550278444,-1.126657367765596,0.4744828077692896,0.1531469306896924,0.8222418730676263,75,24427.58
29,32,1.3098669484870682,1.0264134592855048,-0.2736041945309896,0.5892648125560951,0.8019517684808921,1.244568089412066,18,29189.86
29,33,1.7198932447624056,0.5853628319294015,-0.10797246857394222,0.21689128746458797,0.03400434220129403,0.14910043556040628,165,40872.67
29,34,0.32551189601960734,0.23708240418860171,-1.8318478049864364,0.5161577118528567,0.28465655072316276,0.12383337447088516,70,38069.369999999995
29,35,-2.9820448583687917,-2.2033693901391844,1.1276151386950262,0.8240388798323144,0.3113357260175752,-0.06365133915118656,6,27155.22
29,36,1.8494758546271122,-0.1819248787520003,0.43604068158891035,1.4463090035465798,1.1995349530974,0.012343741215442064,15,39241.82
29,37,-0.4817382231743549,0.29790589685353996,-0.4736986730876186,0.5729609969158006,0.4249309724926593,-0.18885851003393098,24,25383.1
29,38,0.5160642864363855,-1.0225061069067483,-1.6414247217434264,0.9467602635014051,-0.42350258384906175,1.4120218055633063,20,22771.835
29,39,-1.2717902679233641,-0.05919773550285645,-2.16240564119133,0.8158551585589662,-0.14041003234706356,-2.1534717331637085,43,23922.31
29,40,-2.1085596424409685,0.4616694878101528,1.2935876594297613,-3.3540584543704277,1.1510349556310189,1.1608340712407943,8,23036.910000000003
29,41,-0.0669033275001937,1.0445006566893649,-1.4583691767185287,-1.1163458056964461,0.34244492582175134,-0.6435649968987125,49,27225.87
29,42,1.1825355273650766,1.5063869423142007,1.5326687629120654,0.9082719513368883,-3.1024517337524617,0.02124720226692816,15,22286.989999999998
29,43,1.6459078738931776,0.8382228584863805,-1.7732176764083933,0.43487089693186837,0.1821968223652506,0.41699922539645073,61,30940.48
29,44,-0.28164486963743735,1.3936942969012767,0.5257908672703795,-0.24769111270412472,-0.890513781357694,0.9606413332833413,61,33311.24
29,46,-0.8722067980584507,0.2198655106031563,-1.903996860820627,-0.2200956250190885,-0.15603779450778754,-0.2236561342928989,24,17642.745000000003
29,47,-0.08582632923467726,0.558268618641388,-1.656641211207338,1.0959384051467542,0.5949719689490329,0.8009597092732921,23,21364.1
29,48,-0.3187482055717936,0.35015067216675466,-0.2931231747396828,0.6756117030259337,0.7143754717638795,-0.7019952900376532,31,28971.91
29,49,0.6945116980309061,0.6205202111499085,-1.057635975636039,0.8175787082873182,0.6707232697096372,2.5370768418222562,9,32920.67
29,50,-0.6743554244613873,0.1949060102793351,-0.8280852721216838,-1.0066305981494654,-0.3389833277049007,1.0424648822110003,31,28792.74
29,51,-1.5227386832028693,0.32492188262484234,0.32831060858039796,-3.110456313184564,0.5891437379808214,1.4281242915058046,11,45567.71
29,52,-0.5295938044315329,1.1022390237569415,-4.269523267436567,0.281281550340291,-0.31880354040983716,-2.2921795947465147,12,24677.9
29,53,1.734470926130086,2.0091314451807203,1.7853366539037814,-0.13791554122539418,-1.8183309444278652,0.19172362535837623,19,47714.55
29,54,0.8435121056203941,-0.6962931291643714,0.6297517819473492,0.17051983903019424,0.7978071545264643,-1.5030736002749028,10,36474.14
29,55,-0.30728207289581666,1.6856930719888208,-1.497195123749834,0.3231847810262933,0.1810751556974612,0.2559868200286147,23,27927.07
29,56,0.1393658781132692,0.1910994093560627,-0.2189914531797246,2.5515773426970405,1.1962200832803194,2.036478071881323,6,26187.47
29,57,-0.7199499261676638,1.8139558206557642,-1.7707969374434809,1.0097991154500567,0.014233241336481458,-0.635668766005304,10,19906.055
29,59,0.5250613815050296,-3.2693402324046508,-0.5741269469008412,-0.07628819468026693,-0.6445588289817961,-0.13265258290906123,5,43845.71
29,60,-0.21288578743221764,0.8757883395036933,0.2804642660197677,-0.3796399027731892,1.6777833607592731,-0.20022521535678556,15,38162.35
30,1,1.4469757885338819,0.4538712970627981,-2.2176377391361055,-0.6032169718321202,0.236415076663867,1.001662812679784,23,31021.03
30,3,-1.6425579056343058,0.7590427276772963,-2.107784532002112,-0.6876727345677036,0.20629996562816733,-2.336444337863884,24,18670.769999999997
30,7,-2.372677327532715,-0.7191086343188332,-0.33777340483294427,0.8959908161210408,0.24551221804197743,-0.91151235600871106,24,26747.175000000003
30,10,-1.3626722577061843,-0.07925517723174902,-0.8221843972286205,0.4047498041731473,-1.1291072181599393,-0.0956597910899317,45,22692.79
30,11,0.004036166911814187,0.2691040346451409,0.8878940419680312,1.8641353634300033,1.2422428563955243,-0.4447095625753734,22,30159.035
30,13,-0.7757711100628288,2.2118399225080427,-0.10335127979285744,-2.334316812273123,0.010200215144370917,-0.3910813462569309,24,28335.489999999998
30,14,-1.1604373323169932,-0.21398319991080092,-0.7584286807801861,0.39832924588399377,0.22254479467946633,-0.8723808645061463,36,23071.510000000002
30,15,-2.5878288923994033,-0.2374328708279579,-0.8260769599390794,0.2836585654367842,0.26253677479719106,-1.2296977194479037,22,19775.745000000003
30,19,-0.9765095780407322,-1.3755576574202646,-2.0197700533711895,0.49575412781172096,-1.0581715922797803,0.6494739697868666,46,20702.11
30,21,-1.840553648266709,-0.15542404575639188,-0.2209629546984362,0.7115858279579492,0.6040797226224214,-0.4628835633880973,20,32644.79
30,24,-1.3087418529732757,2.355379233919426,0.7995167993501782,-0.5964405528709527,-0.386054093643283,-0.16835261677983007,48,20265.34
30,26,0.5842508650549184,0.03810184620274165,0.12635250185680413,0.9227487834362218,-0.040856227295627434,0.7185056729875882,11,22181.95
30,28,2.3763779687104294,0.584195961172363,-1.757598544314818,0.07822583937486642,-0.1888077908517269,0.7150989119918785,40,32805.195
30,31,-2.562809828687907,-0.7081972917586647,0.10884789029917036,0.6575161105607064,0.15272886314791773,-0.9521981123137031,22,24507.62
30,32,-2.0999251694145182,-0.0769524093252143,-2.1234794362314107,0.9437655726942142,-0.05468384880759081,-1.257249146728144,25,17774.67
30,34,2.4918309519306368,2.6529099127554128,0.17868859063497075,0.023315262419320953,-2.612487021751981,1.1589272163976978,20,36171.33500000001
30,38,2.3759972214371725,0.5664704830914336,-1.2245255085536315,0.3935071356614006,0.13493116527377608,0.8595938627052161,20,38865.595
30,39,0.9285370053508792,0.9453318823120195,-1.2352641108432318,1.0036653506699929,-0.07829759439312467,-0.7192520259561737,72,27881.84
30,40,0.5964156921122308,0.6221589112022569,-1.6028628340040436,-0.05608333934291419,0.1324433838895488,-0.45464949350224887,35,31877.4
30,43,-1.4763798488592044,0.7840182101775294,-1.218091896621858,-0.6570221327743981,-1.377350169283838,0.30074115427277964,24,18591.085
30,44,0.7867408858443581,0.6390374449856335,-0.8156450241376266,-0.09427007918997554,0.6165992234217806,-0.6892603893650578,57,36387.159999999996
30,46,-1.5488101584852196,2.3943509480838108,-0.5900830732732067,-1.1697957618301933,0.8604479786562761,-1.2723526428012941,70,24084.57
30,47,-1.5023648112049008,0.7651637294575854,-0.18732886296083345,1.1135493742979903,-1.4912070220839644,-0.5970898637344105,49,23653.17
30,48,0.5569178483516032,0.9289795323589412,-0.8012742923152645,1.2278628550955861,-0.29780429291865473,-1.308950556297773,34,27682.135000000002
30,52,-2.5187031846516654,1.726884939187873,-1.119294830018239,-1.7780293436017751,1.1915477335998668,-2.987797779894109,22,22644.92
30,55,-1.9249291118386378,-0.3689694427337243,-1.4298262930747592,-0.24287581917065224,-0.06971954800604668,-0.07267904041674132,24,19303.75
30,58,-2.3035411532203907,-0.4124077354514665,0.33189038729397835,-0.39232493782058353,0.11481053807209685,1.0486870318865418,46,18805.815000000002
30,59,-1.7825794613979866,-0.24052246348607464,-1.4117779133294581,0.5844125083182916,-0.8085612570080499,-0.7470323046116074,11,23583.87
30,60,-0.7492664345674855,0.4847335547531171,-0.03080380693242668,0.3258362553110681,-0.9674204454841908,-3.756313195663326,25,18883.25
30,61,-0.8771913358483632,-0.09061026479930864,1.014185558979584,-0.1726003414789702,-1.1455130633714197,-1.7274874055782596,20,25980.364999999998
30,62,-0.38366835110671077,0.546640515672956,-0.6370721757027795,-1.3697601760812836,0.6449475658727545,-0.14420571308780702,24,34757.45
30,65,3.3185686070918514,0.6940956597746072,-1.6391150298553696,0.3013953347238404,-0.09671218444553759,0.4461916891260702,19,52273.38
30,68,-0.8340849379572379,0.19781627832577192,-1.9036175159019726,1.3002127574126918,0.13322234169360517,-0.7698813865129588,9,30045.43
30,71,0.5652907176750663,2.6546152198004136,0.35491319987495384,-0.8510207722516249,-0.27969263680737433,-2.1009317736396342,22,26987.074999999997
30,73,-2.3533671822406976,-0.27984055459009916,0.08342885413970136,-0.27028869421352575,0.2431512726839798,0.3734729191763453,46,16070.740000000002
30,79,-1.594907744156489,0.6542016855347201,-1.3508211043985647,-0.024718482050758245,0.11708797161974538,1.2402350043933779,25,18863.98
30,80,-1.1878440620512334,0.3980466211920018,-0.4538256547111089,-1.756829095970135,-0.539878910872603,-0.7333449356584392,25,13774.880000000001
30,83,-2.5461820159342667,2.568472882165045,0.5969725220038906,-1.8809097196822622,-1.6712515711771763,-1.2845119679057222,50,17029.325
30,85,-0.18049888377258308,-0.22899607005833228,-1.0093272899058339,1.6623618816276202,0.6005040892230036,-0.6911348881747177,18,26448.125
30,86,-0.7177352383305988,0.6865419700072333,-1.2913780522041474,0.9842846924137776,-0.8005446743702214,-0.34832014344574974,43,20925.11
30,87,2.4382572078637073,0.7885012748909535,-2.0601513801161278,0.08523150430601895,0.2519941064543602,0.33195209831195865,147,33842.08
30,89,-1.4370864708745659,-0.3622712655372411,-1.3769664026944206,0.656564237954998,-0.23997224180476978,0.1073193266890494,20,21470.824999999997
30,92,-1.7239744256680183,1.059638729832892,-0.8986659325531428,-0.01307347376589707,0.949825147995137,-0.34351671888384394,21,24600.07
30,93,2.8876852234984054,3.770171047762626,-0.23978466291025657,1.1965997264698842,3.3670584738259537,1.5284641293604981,6,35070.595
30,94,0.2633224681417244,0.1874962636468016,-0.4557508134037722,0.2400894620563021,0.04428046681893205,-0.5947746455792479,22,22867.14
30,95,-1.3577010789138997,-0.23121703566911062,-0.7827482079007593,-0.9370086779228617,-0.20903876861833617,1.5157540306980732,23,22879.44
30,99,-0.34145115839579526,-0.3074159583802146,-1.3213492153056297,-0.28524445883977484,-1.492525745540672,1.0528133488897167,20,29162.045
30,101,-1.9091711049904367,0.2737707842121889,0.3574501744006836,1.1633675508730157,0.09330066858963246,-1.225481787683146,36,23974.465000000004
30,105,1.9819070837573087,-1.2879620273421235,-0.6724755184308876,1.0940990975641145,0.10603812523416078,0.14163272240110303,21,35362.26
30,108,1.9560946289223318,-0.5220022239294692,-1.7289099501035474,-0.4748204871617995,-0.36740812985844923,-0.40321606798826487,27,34964.51
30,109,1.0839527670880198,-0.15362703188775095,-1.0405089884345573,-0.9210771379222195,-2.4264528073849636,1.1659630218586692,24,25586.019999999997
30,111,0.011234765789030238,-0.8776120323126494,-0.01924443909606141,0.11274216674428549,0.3941039333977675,-1.304605999768022,44,34955.425
30,114,-0.4467210593831443,1.058912513274647,-1.3443880611441696,-0.24815288926421392,-0.8305777730110357,-0.14071589851144908,24,25998.725
30,115,-0.4944466406594901,-0.33799825681149265,-1.3815491641000124,0.13556352183845716,0.16922623717210242,-0.9091333359994382,25,29509.8
30,118,2.654021190781147,2.355667692419959,-1.432547995144528,0.519435473159187,-0.8915941279906251,0.7223704409040405,45,32536.68
30,122,-2.011107693447256,-1.2798276117110916,-0.49153924643996194,0.16472368600674342,-0.4260915681595465,0.16496252796586547,24,21532.445
30,123,0.045898871901664084,-0.15524528967326556,0.7289772045070956,1.300771852775116,0.9177372820497358,0.7407232571428836,6,32616.339999999997
30,124,-0.27910226456125437,1.6642411545522884,-0.7138214791974685,0.12471784937046139,-0.8370571446692576,-0.8022904677111928,46,34168.08
30,127,-0.9726162003356089,-1.0340258916071556,0.47488368851399726,1.5507238366239755,0.5209894316188951,0.422008804984783,6,27296.675
30,128,0.630536339140351,1.081093961485059,-2.3337947895455518,-1.1312308313300115,0.2575780686760355,-0.2056984351093736,22,27619.485
30,130,0.017839609966639136,-1.7847719228042669,-0.1650418234688971,-0.06704465562616051,0.12477273138904599,-0.43874617602719146,23,23861.44
30,131,1.9540788867156118,2.00492964814457,-0.21750606550440654,0.11507018795171356,-0.8951087299974341,0.5916585113657528,45,39401.7
30,133,-0.0029499046038961585,0.7083633538958951,-1.266890568978335,1.126891857049423,0.2948710569473492,1.2486066454625255,8,48297.285
30,135,0.07031714982864792,2.4095299694263286,0.6303401594717793,1.396550141741175,-3.3420331547772415,-2.0009839089648858,12,22296.269999999997
30,138,0.671849346447796,1.5118594728176324,-1.265024200555073,-0.8975953670330749,0.7847114523863526,-0.013245413924301366,6,16908.59
30,141,-0.3968830320703026,1.716446472036761,-1.560747754041174,0.33378923317396425,0.7346862247339246,-1.5238288094769816,43,21308.79
30,142,-0.4930424256726038,-0.319209546104392,1.0631099867441802,-0.44904416473748987,0.12350613849334617,-0.1881394787340193,21,22989.57
30,143,-2.9722465068517963,0.6134785275037203,-0.9696611067828929,-0.21297151393233005,-0.39680389262431404,-0.8192973596387171,70,18286.4
30,147,-1.2394903263742163,0.5978173594517031,-2.4760764630478596,0.6725843442762544,0.03826509682179645,-2.2368973536980636,21,18786.09
30,154,-3.289757201106093,-0.22549276303628585,-1.071136699369084,1.2563433994190984,-0.1754235826673981,-0.08236955087609943,24,17523.025
30,155,-3.5057135984571826,-1.6643442127098744,0.3477588486352514,1.7795650917168826,-0.2146776044939075,0.822986601707286,24,14254.035
30,156,-2.9176301169505403,0.14019905618714124,-1.2968602431276692,0.5791194222444151,0.10788256238809824,-1.4231432847055074,24,15755.145
30,157,-0.993407902896919,2.055800439852334,-1.2529490292818273,-1.2246035833526603,0.3459770513175263,-1.403476801513688,46,27479.295
30,160,-1.5599375160297093,-0.05833740749522581,0.9572458072361825,-0.6185476621082269,-0.5440474494737582,0.6532951957789422,22,16057.82
30,162,-1.3896886667853918,1.5073066168484879,-0.8535229985154832,-1.641596687882983,-0.03374430039616383,-0.5757991888830063,24,20787.36
30,164,-1.1315444615826777,0.45359141764061867,-0.6006697984110481,0.0070920312512705586,0.25714844371112744,1.6032150722156537,46,16582.455
30,167,-2.7940937017057976,0.997409442906389,-0.23436096586941574,0.0361392212998764,-0.1665094813736232,-1.0646874256893353,24,14247.455
30,170,-2.500182544915547,3.3753764709465024,-3.6296202550832266,0.81429383814439,0.6232070573030049,-1.2331783775525267,23,16256.2
30,174,1.8815132588633974,-0.22714559847015736,1.1758687393939047,0.7682157515180337,1.083316974801542,-1.8916672856432908,24,30060.515
30,175,-2.448581234683955,2.0583727193795505,-3.113554449574598,0.30103375554792283,0.25064600991680414,-2.016994483400697,31,28758.920000000002
30,177,-3.728720503569496,0.5964359831391474,-1.2829233028884102,-0.35392135586809376,-0.08401542207020674,-1.217670788161111,46,11150.375
30,188,-2.1320485562911444,0.946563293018051,-0.05345499374816831,-0.16405810633445306,-1.976462793692913,-0.3403788994257608,22,20259.745
30,189,-0.4679942478421863,2.0628023383278555,-0.00732775516481389,0.7072154511408002,-1.2077943809208915,-0.5047962537487833,72,22881.195
30,192,-1.0726418065291838,0.13480950227093885,-0.5744318366647371,-0.7843477692295573,-0.09215937341573222,0.8289748935088674,24,22434.940000000002
30,193,1.159634212222054,0.12243466902132982,-1.6018236535540722,0.7318239200758431,0.2583245835061216,-0.19419255194863133,157,32259.6
30,199,-0.6828601175626724,1.0575530593012177,-0.9506603393797937,1.1720021643711913,-0.09257366557242175,0.39929559376929785,24,25688.12
30,201,-2.1280992921923723,-0.1418415400248051,-0.9653322240721012,0.34937589020998905,0.049806268226410544,-0.4885224913263608,67,20768.43
30,202,-1.3743968132652702,1.8498713626117262,-0.28258420961697006,0.7202520234743601,-0.43154827212374486,0.5410150110704571,46,15739.11
30,203,-1.9812115349275885,1.7799773733295625,0.1364517191961269,-0.7829043240999123,-0.7205423862429594,0.30549365228265474,22,16078.904999999999
30,206,2.4584262173479643,-0.7202741042547867,-0.047006300397757855,0.6430576973247657,-0.33440533894205554,-0.20726388667154025,20,42723.08
30,208,-0.30877888581044977,-0.8216227512886082,-1.161957392246825,0.5310156780682482,0.13862154959357503,-0.41981697080511515,45,25072.31
30,211,1.4912007004017853,0.9639552226294252,-2.7285505462170003,0.3836733176889783,-0.8514932956735267,0.0210367395575767,24,27612.605
31,2,0.6898176323479059,0.2554356080872397,2.488229316695923,0.17042127585576428,1.086781728218997,-0.942495578215736,46,33371.899999999994
31,5,2.8670735323265437,-0.0782617379538757,1.7430875941939268,1.6172218273993157,2.4740538409996655,-0.6703587456807949,22,24850.85
31,13,2.439536522167062,0.37276468347160313,1.0443552951183193,1.3592733863677637,1.0670308202960446,-0.28743448430137386,11,41240.6
31,14,0.11804605395950385,0.36631276238601795,0.5604332049830607,0.298542603635941,-0.2579235139198543,0.9005323551234239,22,21227.67
31,15,-0.15396259166977955,0.6311056472311496,0.9654007820938799,0.37418411285807657,1.043305658125154,0.4515577362735753,22,30039.21
31,17,-0.3848915881144869,0.21966314916093357,1.9216564741854318,0.26467259604324267,-1.0173305951483456,0.11915611435667721,46,23706.43
31,19,-1.0878571369359358,0.7827108766931739,1.5095754943530322,0.2817477119392462,0.44765404912265727,0.4520895478360873,66,23398.035
31,21,0.6354144403114932,1.6347266085780299,2.3918580417560587,1.0292950694905556,-0.7533854296187732,-0.6882723518577317,22,28258.005
31,22,-1.1865660499399768,-0.13837094138664138,1.2394705160407173,0.964419596060362,0.46290337450587904,0.3722428454119959,21,23931.68
31,23,1.1630441176794626,1.4396531813003868,2.2574357571166592,1.68605088955109,2.4018265791942373,0.43922922270605574,20,39086
31,27,1.620566884378156,-0.39988582358422375,1.2556095773994531,-0.1798731820808379,1.4791131256502323,0.35539326170894053,22,31660.71
31,28,1.5115714243622822,0.9631523006338008,2.1426057425140868,0.007487880600312802,2.2975905347185375,-0.4617739443896597,42,31695.199999999997
31,29,2.496564802537117,0.44282210524035837,0.9562549945318709,0.9283087718943381,1.230566627953468,-0.756742676044318,21,33599.3
31,30,0.8981185342222416,-0.35179583359962596,2.183008873621806,1.5299991692513493,-0.054960828113538196,-0.7065095365432095,22,23215.93
31,32,-0.2539233545705353,0.2860486300203072,1.8894900679736408,0.13195384825329504,0.7802463778440232,0.38854153017735893,21,24695.43
31,34,-1.5403248878662772,-0.2730966534570822,0.9266824270452746,1.000588821903715,0.41060753071005407,0.7855121499826465,23,31058.39
31,35,0.5888633273294446,-0.4495346282890492,1.231522564726704,0.9413648552032987,1.636961327143878,-0.23916468291847195,20,28321.835
31,37,1.1002805966316496,0.7597186685897298,1.8149331717278387,1.58124926090241,1.9713820678782041,0.5037177306521415,21,32734.6
31,38,1.4730527707959986,0.651550934327471,1.6401073580251466,0.6246408471416955,1.2819316699073395,0.03674541823643568,66,31141.199999999997
31,40,0.1781954544546036,1.521890282813032,1.822940153061777,1.6638520934430812,1.563468066855115,0.07515696466181433,44,27378.5
31,41,2.1481930348063107,0.3824233465323882,0.5143918882602414,0.4954969366471006,1.081780376003453,-0.07348331791338118,96,36605.325
31,45,1.2474854201478918,0.0018759872845846015,1.499863343827067,0.15596596203646243,0.9345846414366841,-0.5892089320712615,24,29686.550000000003
31,48,1.1388948155988785,1.2550196599454067,3.1564971679959752,1.1574900799886318,0.36566275729678077,-0.8499221833679917,65,30499.62
31,50,3.2967638361847005,0.8965579175404547,0.630971675102201,0.15930579940245743,0.6437837942558386,0.37948608911601495,834,41466.115
31,51,1.7249026291658718,0.8479921558282624,1.3965806982406177,0.8954852349978082,1.4486845814376166,0.8357548939935593,45,30730.63
31,52,-0.5041248956986224,0.48204771344755476,2.2761045420712493,0.8170323853996557,0.18614512831379865,-0.15124061896634558,107,28643.52
31,53,0.5129401172422746,0.7911030221331763,2.511807674943506,0.7483332402736795,-0.07673392498317816,-0.837930838361302,20,30148.455
31,56,-0.34581370834493796,1.241358471578244,1.7341631961020947,0.30378249493122955,1.1027042763989778,0.2294077698303353,45,21219.829999999998
31,59,1.9288380414727913,0.7216783358472081,0.26312659876073313,0.5808543959898462,1.1012371063171953,0.30652120632376045,70,34748.485
31,65,2.1313649787873756,1.8580871970744157,1.8218710519668448,0.7809994031596279,-0.268627119456905,0.40466938934460095,20,42637.75
31,70,-0.288031289704625,0.5545142408767065,1.5707948030431953,-1.2031215850036372,0.8679133013929277,0.5279269859021513,25,19206.09
31,72,0.22994463939144594,0.6971539108098992,1.8078596068823845,1.0990144557132084,1.296104841485825,0.544421667447744,22,30154
31,73,-1.9610347762111735,-1.4498685243558627,1.4248048656863095,0.5273605164495894,0.7813338260275033,-0.2301161633875764,22,16665.37
31,76,1.7079723015921195,2.1487485074818324,3.610316373629776,1.0095675863272753,1.120481107426465,-0.20502427893517317,22,27446.055
31,78,0.8886937185240114,1.3866009668338055,2.3810456343258024,0.702847958841949,1.5240710519744667,-0.31877013625697437,20,31452.67
31,79,1.2796741166033674,0.2983959508652658,1.6640879605313974,0.8631384862275909,0.9687856048711005,0.14415545182934023,103,25509.93
31,80,0.43978091691674764,1.0919864204501162,1.5392691008734554,2.267429548206233,2.269153099249531,1.188866982779459,18,28812.315
31,83,1.3469938120212217,0.29241948640549525,-0.1954473284577431,-0.9277066281306484,0.8685228484940111,1.0459926801327923,20,38519.69500000001
31,84,-0.33336946111935445,-0.46714119130137854,1.090099318619915,1.3533137120698853,0.7776945045951389,0.02979054768971912,23,22361.73
31,85,0.02528716013654264,2.069774731210692,4.504765703638647,-0.1186935085000716,-2.1212703944768934,-0.9522256683181033,21,30536.24
31,89,3.3692233352328644,-0.09535279588016488,2.7491920927698485,0.534651295889989,0.4020004081066074,-1.2979557183026331,16,33068.994999999995
31,90,0.8570793741313123,0.8778353671819938,2.1476415142338534,1.400639000247124,2.5676100150194854,-0.5009568368469697,25,27766.51
31,93,2.7324162092994615,3.3228608370235078,3.363903032094278,0.6319172546081467,-0.007740105349705262,0.046452894916562015,64,28310.005
31,94,-0.16445529752480723,-1.1729217070680267,1.2971608637957166,1.295314031023663,0.7936795780699946,-0.29953977243766483,20,21799.199999999997
31,96,0.4158329041233107,0.24324555903575507,2.1181311709758925,0.5475719316581371,0.827688391665985,-0.4124281163703899,204,25224.42
31,97,-0.27502582199872344,-0.27336555907943166,1.0742004367993454,0.8409450921238738,1.5392229398647899,0.3146783972440969,17,29286.43
31,98,-0.49531402703408745,-0.6770770547897089,1.997883686736505,0.4257643045411662,0.25109320611036606,-0.7876504797104302,45,21542.1
31,101,2.801717699898785,1.2386335128310544,1.020137046251894,0.9474180692905776,0.6463169481286893,0.11330874433015334,81,33348.909999999996
31,102,1.6531057253477308,0.9834467311295718,0.7281530903832963,-0.11588041965604373,1.169011934942231,0.19092948982699184,90,33901.67
31,104,-0.1180944235164908,0.5955091006914448,1.7563496603373134,2.350646347274552,-0.007261040751276315,0.11001937659432116,19,24389.22
32,1,-1.190392919810759,-1.0966891367920721,0.20688124848621497,-1.5523085797522134,-0.04763072075540223,0.38963172727251083,25,14013.05
32,5,1.1392398683518066,-0.4502758919958574,0.5776114385551429,-0.3683296458809575,-1.373630804648737,-0.16899659915555262,87,30405.74
32,7,0.6457548101932866,-1.2133597721188836,0.20153231291801926,0.5106702516535868,-1.0428847726945851,-0.1536801378182546,45,26228.08
32,9,0.8096407906912164,0.07685370224436591,1.7428349667481435,-0.9428460995090306,-1.0266940982491128,-0.6352500654805958,23,24947.97
32,10,1.4329466225928065,-0.5708244797882847,0.032434217995025515,-0.591119235680457,-0.6821699418793973,0.08049923943435686,382,30999.504999999997
32,11,0.7913600904730305,-0.9678962302024273,0.9334508294448193,-2.583860943956541,0.37819277916717353,-0.2522781620620502,44,26763.12
32,12,-0.3136160146749388,-0.843688461005272,-0.20550906939216854,0.45283245503623215,-0.23634804700341844,1.2373656574068332,22,33927.634999999995
32,14,0.12577641722739713,-0.5780848840441438,1.264221635570082,-2.284306044779193,-1.8451853684112893,-0.5351780331590228,46,19784.18
32,17,2.156733450344275,-0.5332238807073109,0.041664890103831315,-0.1341349256490526,0.6803838278810441,0.37055716203014333,305,34843.83
32,18,0.11901059514759274,-0.10241894867176696,1.5017180915912223,-1.903972095151164,0.6153470558927796,0.2589633226487743,46,33450.91
32,20,0.24733373379509738,-0.5570121379904727,0.12811580242805423,-1.1688536215305396,0.2910012923945718,0.6007084173798481,146,28468.855
32,22,-0.22658655636609593,-0.9443180298287114,1.2446692023909618,-0.5953381737212002,0.8478297471581819,-0.14370021003548805,20,24371.510000000002
32,23,2.060183803568011,-0.6270748584132846,-0.9165074101124767,-1.1315636357446706,0.2106652214502967,1.4910387661455518,18,29890.805
32,24,0.8515735933507954,-0.15780786628184312,0.6790851480912581,-0.9649141181353256,-0.5689073601021618,0.4162199755327878,94,28522.010000000002
32,26,0.10110694853381108,-1.3913914689762616,-0.27764515914730353,-0.04230746408109701,-0.5863248360645574,0.5850824887307147,46,28343.53
32,29,2.2260737276154288,-0.5855538780820534,-0.314596972963735,-1.5784302916369355,1.008660355329526,0.38053960246486124,22,29643.114999999998
32,34,2.1868350867311737,0.7619521496441066,-0.7404901949596936,0.15234503568546065,0.09593497474403667,0.9308016737734396,20,30910.010000000002
32,35,0.11120025893435126,-1.3283666600441069,-0.6825647094167486,-0.565395651269281,-0.28632053238492017,0.8972023605154205,45,19344.55
32,36,0.3942799222006658,-0.8422110881839263,-0.21369079420739548,-0.768510956055046,-0.8389820837574465,0.6474931557587034,67,26186.32
32,37,-0.749609762191723,-0.2523429233009846,0.6437478530377836,0.25088267275262244,0.6021030186665686,1.1679121143982378,22,30763.699999999997
32,38,-0.5037045096274273,-1.1302695978939576,0.19730461709102393,-0.46063285822732164,-0.026153333339064222,0.21697054876138355,137,22349.73
32,39,-0.009351094608242183,-0.7321323031372309,0.5918625786661729,-1.3054423683986465,0.4279660666284031,0.21657203162987138,116,29110.95
32,40,0.7146281907575226,-1.1721113887986423,0.07043892726326349,-0.8879202722208593,-0.2546122563736406,-0.0404376528569972,66,26376.885000000002
32,42,-0.48683420643018627,-1.2368651877904007,-0.32896027988195575,-1.0559966121131112,-0.09410425321580224,0.19323637435333973,86,26106.515
32,46,-1.0280252498020408,-1.9611054784231159,-0.0871087862463018,-0.04288450366566188,-0.4788150601709227,0.7467725229022593,21,20634.97
32,48,2.2113625185008274,0.5740051163483949,0.3934730658048693,-0.16465220339744513,-0.40880978507844284,0.8072623896165091,40,30220.28
32,49,0.36049601226365313,-1.4598543819882468,0.5906772630834937,-0.9681816564325084,0.3998373566036488,-0.23271810616440347,104,20640.86
32,50,1.0756325330596597,-1.8474024983475807,-0.9090775796410657,-0.8779717156071596,-0.38687202203696464,0.012622896989747886,23,29535.82
32,51,-0.8112223599567371,-0.7881583328892712,0.8928535191867311,-1.0035628320120915,0.6809440192863306,0.3049063727572487,68,24177.44
32,52,1.1015602031423704,0.2956167413657866,1.618520719372589,-0.27617221698296646,-0.29734570445328246,-0.37041934202689164,46,26445.695
32,53,0.7204171232852469,-1.0136003476823292,0.8077697721681095,-0.6208345478020604,-0.50921050670184,-0.21058957438699716,22,27233.92
32,54,1.4398245730160297,-1.8255578947520645,-0.45183087395719335,0.12518361004846615,0.3256025318997261,0.13273267290654092,20,31027.8
32,55,1.452202042483968,-0.6953154765779057,-0.49879436424836454,-0.35243388776131607,-0.09672247345922264,0.49859481573664655,83,31101.82
32,56,2.5600043689132956,0.17386337466054383,0.38563800017953964,0.292451852531725,-0.8438916987569443,-0.1205258985678451,205,39536.51
